날짜,기사 번호,제목,내용,댓글 수
2021.09.28. 오후 5:28,1,"닥터나우, 거래액 1억 돌파","스타트업 라운지원격의료 서비스 플랫폼 닥터나우가 지난달 플랫폼 내 거래액 1억원을 넘어섰다고 28일 발표했다.닥터나우는 비대면 의료 서비스를 통합 제공하는 모바일 플랫폼이다. 월 거래액은 플랫폼 내 제휴 병원과 제휴 약국의 비대면 진료 및 처방에 따른 매출이다. 거래액이 전월 대비 40% 이상 상승하며 1억원을 넘어섰다.현재 150여 곳의 병원, 의원 및 약국과 협업해 내과 가정의학과 소아청소년과 피부과 등의 진료 과목을 대상으로 원격진료, 처방약 교부 등 의료 서비스를 제공한다. 지난달 월간 실사용자(MAU) 11만 명, 앱 이용 누적 30만 건 등을 기록했다.",0
2021.09.28. 오후 5:09,2,"""이거 먹으면 키 큰대""…엄마들 입소문에 베트남서 '대박'","베트남서 일동후디스 '키성장 간식' 신드롬영양간식 '하이키드' 완판 행진""어린이 성장발달"" 마케팅 적중 국내선 단백질 음료 '하이뮨' 인기매출 100% 껑충 ""中 수출 검토""'하이키드'를 판매하고 있는 베트남 대형마트.일동후디스의 성장·발육 분유 ‘하이키드’가 베트남에서 대박을 쳤다. K식품 열기 속에서 아이 키에 유달리 집착하는 베트남 부모의 니즈를 파고든 전략이 통했다는 분석이 나온다. 국내에선 단백질 음료 ‘하이뮨’ 매출이 급증해 그동안 주력이었던 분유와 맞먹는 규모로 성장했다. 두 제품의 국내외 활약에 힘입어 일동후디스는 올해 사상 첫 매출 2000억원 고지를 돌파할 전망이다. 경쟁 유제품 업체들이 저출산과 코로나19로 고전을 면치 못하는 상황과 대비된다.베트남 엄마 사로잡은 ‘하이키드’저출산은 분유가 주력 제품이었던 일동후디스의 최대 위협 요인이었다. 2016년 1500억원대였던 매출은 3년 연속 감소해 2019년 1100억원대로 쪼그라들었다. 위기를 돌파하기 위해 커피 시장에도 진출했지만 이미 과당 경쟁 시장이었다. 특단의 대책이 필요했다.일동후디스는 베트남에서 불기 시작한 K식품 열기를 눈여겨봤다. 하지만 분유로 승부하기는 만만치 않은 상황이었다. 중국에 이어 세계 2위 규모인 베트남 분유 시장은 경쟁이 치열한 레드오션이었다. 글로벌 브랜드인 압타밀, 엔파밀, 노빌락 등이 치열한 각축전을 벌이고 있었다. 국내 분유 브랜드들도 이 시장에 뛰어들었지만 잇달아 고배를 마셨다.일동후디스는 2000년께 국내에 출시해 인기를 끌었던 어린이·청소년 영양균형식 하이키드를 떠올렸다. 1세부터 고등학생까지 성장하는 아이들의 키에 관심이 높은 부모 심리를 겨냥해 선보인 제품이었다. 시장 조사를 해보니 베트남 부모의 핵심 니즈와 맞아떨어졌다. 일동후디스는 베트남에 하이키드를 내놓고 대대적인 마케팅을 펼쳤다. 하이키드는 베트남 엄마들 사이에서 입소문을 타며 가파른 성장세를 탔다. 지난해 현지 매출은 298억원으로, 전년 대비 68% 증가했다. 올해는 400억원에 가까운 매출을 기록할 전망이다.일동후디스는 하이키드 제품군을 확대하며 베트남 시장 공략에 속도를 내고 있다. 어린이 영양 균형 맞춤우유 ‘하이키드 킨더밀쉬’, 어린이용 유산균 ‘하이키드 유산균7’, 캔디 형태의 영양 간식 ‘하이키드 밀크 츄어블’ 등 다양한 제품을 선보였다. 최근엔 베트남에서 인기가 높은 ‘미스트롯’ 출신의 어린이 트롯가수 임서원과 베트남 축구 국가대표 수비수인 두유맹을 광고 모델로 발탁했다. 일동후디스는 베트남 시장에서의 성공을 토대로 캄보디아, 태국 등 동남아시아 시장으로 확장한다는 계획이다.주력 제품으로 성장한 ‘하이뮨’국내에선 단백질 음료 하이뮨이 인기다. 지난해 2월 선보인 하이뮨 매출은 1년여 만에 급증해 최근 주력 제품인 분유와 맞먹을 정도로 성장했다. 지난해 하이뮨 매출은400억원이었다. 올해는 전년 대비 100% 늘어날 전망이다.2018년 매일유업이 단백질 음료 ‘셀렉스’를 내놓자 식품업계가 잇달아 이 시장에 뛰어들었다. 일동후디스는 지난해 2월에야 시장에 뛰어든 후발주자임에도 빠르게 시장을 확대해 가고 있다. 트롯가수 장민호를 내세워 공격적인 마케팅을 펼쳤다. 제품은 홈쇼핑과 온라인 쇼핑몰에서만 판매했다. 코로나19 상황에 맞춘 유통 전략이었다. 하이뮨은 셀렉스에 이어 국내 단백질 음료 시장 2위를 기록하고 있다.일동후디스 관계자는 “국내에서 하이뮨의 인기가 치솟자 베트남, 중국 등 여러 국가에서 수출 문의가 이어지고 있다”며 “하이뮨과 하이키드 인기에 힘입어 올해 전체 매출이 전년 대비 40% 증가할 것”이라고 말했다.",4
2021.09.28. 오후 4:52,3,개인정보 전송요구권 도입…과징금 상한 전체매출 3%로,"개인정보법 개정안 국회 제출키로마이데이터 사업 전분야 확산될 듯기업 등이 보유하고 있는 자신의 개인정보를 본인 또는 다른 기업에 전송해줄 것을 요구할 수 있는 개인정보 전송요구권이 도입된다. 개인정보보호법 위반 시 부과되는 과징금 상한액은 현행 위반 행위 관련 매출에서 전체 매출액의 3%로 상향 조정된다.개인정보보호위원회는 28일 이런 내용을 담은 ‘개인정보보호법 개정안’이 국무회의에서 의결돼 이달 중 국회에 제출될 예정이라고 발표했다. 이번 개정안은 코로나19에 따른 비대면 일상화 등 디지털 대전환과 인공지능(AI), 빅데이터, 자율주행차 등 신기술 발전에 맞춰 개인정보를 더욱 두텁게 보호하고 불합리한 규제를 대폭 정비하기 위해 마련됐다고 개인정보위는 설명했다.개정안에는 개인정보 전송요구권이 신설돼 정보 주체인 국민이 자신의 개인정보를 본인 또는 다른 기업에 직접 전송하도록 요구할 수 있도록 했다. 이에 따라 현재 금융·공공 등 일부 분야에서만 추진 중인 마이데이터 사업이 전 국민, 전 분야로 확산될 것으로 전망된다. 또 일부 플랫폼 기업으로 데이터가 집중되는 독점 현상이 완화될 것으로 예상된다.개인정보 보호에 대한 책임을 기업보다 담당자 개인에 대한 형벌 중심으로 규율하고 있는 문제점도 개선한다. 개인 형벌은 완화하고, 기업의 경제적 책임은 강화하는 방식이다. 특히 과징금의 경우 상한액을 전체 매출액(3% 이하) 기준으로 조정하고, 대상도 개인정보처리자로 확대했다. 현재 개인정보 침해 과징금은 위반 행위 관련 매출의 3% 이하로 정보통신서비스 제공자에게만 부과하고 있다.인공지능(AI)처럼 사람의 개입 없이 완전히 자동화된 시스템에 의해 복지 수혜 자격·신용등급 등 중대한 결정이 이뤄지는 경우 이에 관해 설명을 요구할 수 있는 거부권도 도입된다. 또 개정안은 모든 개인정보처리자가 아동이 이해하기 쉬운 양식을 사용하고 지방자치단체 차원에서 아동·청소년 보호책을 마련하도록 했다.",0
2021.09.28. 오후 3:01,4,"[ESG 리딩금융] 하나금융 ""2030년까지 60조원 ESG 금융지원""","하나금융그룹(회장 김정태)은 '함께 성장하며 행복을 나누는 금융'의 실천을 위해 그룹 ESG 중장기 추진 목표 '2030&60'과 'ZERO&ZERO'를 수립하고 이를 지속적으로 추진한다.하나금융그룹의 첫 번째 ESG 중장기 목표 '2030&60'은 오는 2030년까지 향후 10년간 환경·지속가능 부문에 대한 총 60조원 ESG 금융 조달과 공급을 목표로 한다.여기에는 ESG 채권 발행 25조원, ESG 여신 25조원, ESG 투자 10조원을 포함한다. 이를 통해 하나금융그룹은 사회 문제 해결과 친환경 사업에 광범위한 ESG 금융지원을 추진한다.또 2050년까지 그룹 사업장 탄소배출량 'ZERO'와 석탄 프로젝트금융 'ZERO'를 이행하기 위한 'ZERO&ZERO'를 전략적 목표로 추진한다.향후 30년 동안 그룹 모든 관계사가 참여해 탄소중립을 달성하고, 석탄 프로젝트금융(석탄PF) 잔액을 'ZERO'로 감소시킬 계획이다.◇ESG 경영 실천 위한 3대 핵심 전략·9대 핵심 과제 설정하나금융그룹은 ESG 경영 실천을 위해 3대 핵심 전략과 9대 핵심 과제를 설정했다. 3대 핵심 전략은 △저탄소 경제체제로의 이행 촉진 △금융을 통한 사회적 기여 확대 △ESG 경영 투명성 제고 및 지속가능경영 의사결정 체계 구축 등이다. 이를 현장에서 속도감 있고 촘촘하게 이행하기 위해 9대 핵심 과제를 병행해 나갈 계획이다.9대 핵심 과제는 △탈석탄 선언에 따른 석탄PF 제한 △ESG 채권 발행 확대 △녹색 금융 및 ESG 테마금융 확대 △소비자 보호 강화 및 금융 접근성 확대 △지역사회 기여 등 사회적 가치 창출 △사회적 문제 해결을 위한 소셜벤처 육성 △기후재무 등 비재무정보 공시 투명성 확대 △ESG 포함 지속가능경영 전담기구 설치 △환경·사회 리스크 관리체계 ESRM 구축 등이다.◇ESG 경영 강화 목적 '지속가능경영위원회' 신설하나금융그룹은 지난 3월 ESG 경영 강화를 목적으로 이사회 내 '지속가능경영위원회'를 신설했다.지속가능경영위원회는 그룹의 ESG 전략 및 정책 수립 등 주요 사항을 결정한다. 글로벌 ESG 이슈에 선제적으로 대응하고 효과적인 ESG 전략을 설계한다.이와 함께 하나금융그룹은 지난 3월 탄소중립 및 탈석탄 선언을 통해 저탄소경제로의 전환을 선포했다.이를 실천하기 위해 올해 적도원칙 가입을 목표로 환경·사회 리스크 관리체계(Environmental and Social Risk Management)를 구축하고 하나금융그룹 자체 지속가능금융 프레임워크를 제정하고 7월 발표를 완료했다.아울러 올해 3월 탈석탄을 선언한 이래 국내외 석탄화력발전소 건설을 위한 신규 프로젝트 파이낸싱과 채권 인수 등을 전면 중단했다.이를 체계적으로 관리하기 위해 하나금융그룹 지속가능금융 프레임워크를 제정해 제한업종과 유의업종을 분류해 온실가스 다(多)배출산업에 대한 여신 익스포저 관리 방안을 마련할 계획이다.또 기후변화 관련 재무정보공개 전담협의체(TCFD) 지지 선언 후 기후리스크 분석을 수행했다.2018~2020년 주요 여신 포트폴리오 탄소발자국 분석과 미래 탄소비용에 따른 수익성을 분석해 탄소집약도가 높은 업종을 파악했다. 기후리스크 분석보고서는 7월 홈페이지에 게시했다.지난 3월 하나은행에서 친환경 프로젝트 지원 목적의 그린론을 실행했다. 1000억원 규모로 국내 풍력발전 프로젝트를 지원했다. 제3자 인증기관인 딜로이트 안진회계법인을 통해 그린론 인증을 받았다.지난 4월부터 ESG 평가인증 제도를 도입했다. 보증기금과 ESG 대출 증대를 위한 업무협약을 맺었다. 당행이 지정한 신용평가 및 회계법인을 통해 ESG 인증을 받는 방식이다. 이와 같이 상품개발 과정에서 무늬만 ESG인 그린워싱이 일어나지 않도록 진정성 있는 녹색금융 상품을 만드는 것에 중점을 두고 있다.◇국내 금융그룹 최초 '청소년그루터기재단' 출범하나금융그룹은 지난 6월 3일 국내 금융그룹 최초로 청소년 사회문제 해결 및 건강하고 행복한 성장 지원을 위한 전문 공익재단법인 '청소년그루터기재단'을 공식 출범했다.청소년그루터기재단은 하나금융그룹 ESG 중장기 비전인 'Big Step for Tomorrow'의 지속적인 실천과 더불어 사회구성원으로서 미래 세대의 사회문제 해결에 적극적으로 참여하기 위해 설립됐다. 지역사회와 원활한 소통과 협업이 가능한 전문 플랫폼 구축을 통해 '행복한 금융'의 가치를 더 널리 확산하기 위함이다.재단은 '청소년의 행복과 성장의 플랫폼'이라는 목표를 바탕으로 복지 사각지대에 놓여 있는 청소년들을 위한 다양한 지원사업과 연구활동을 통해 잃어버린 기회와 희망을 제공함으로써 청소년 사회문제 해결에 적극적으로 나설 계획이다.재단은 △보호시설 청소년 학습 및 자립지원 △복지 사각지대 청소년 발굴 및 지원 △청소년 자살 및 중독 예방 프로그램 개발이라는 3대 핵심 사업을 추진한다.먼저 '보호시설 청소년 학습 및 자립지원' 사업은 보호 종료 예정 청소년들을 위한 자립을 지원한다. 코로나19 장기화로 한층 심화된 학습 격차 해소를 위해 보호시설 초·중학생을 대상으로 한 1대1 학습 멘토링 사업을 진행한다.아울러 '복지 사각지대 청소년 발굴 및 지원' 사업을 통해 코로나19의 여파로 결식 비율이 점차 높아지고 있는 조손 가정 및 장애인 부모 가정 등 취약계층 청소년을 위한 식생활 개선 지원사업을 추진한다.이와 함께 범죄피해 청소년에 대한 심리, 정서 지원 사업 병행을 통해 청소년의 건강한 일상으로의 복귀를 지원할 예정이다.끝으로 청소년 분야 전문가 집단과의 협업을 통해 청소년 발달 단계에 맞는 자살 및 중독 예방 프로그램을 개발할 예정이다.하나금융그룹은 '청소년그루터기재단'과 기존 운영 중인 '하나금융공익재단' '하나금융나눔재단' '하나미소금융재단' 등 그룹 산하 공익재단 간 시너지 창출을 통해 영유아·청소년·저소득층 및 소외계층 전반·시니어 등 생애주기 전 단계에서 사회적 가치를 극대화 하기 위한 종합적인 체계를 갖추게 됐다.◇ESG 특별채용 전형 '사다리 프로젝트' 진행하나금융그룹은 지난 5월 하나은행, 하나금융투자, 하나카드 등 그룹 내 7개 관계사가 참여하는 특별채용 전형 프로젝트 '금융에서 희망을 쏘다! 사다리 프로젝트'를 통해 총 20명의 합격자를 확정했다.이번 특별채용은 하나금융그룹이 그룹 차원의 ESG 채용으로 진행했다.코로나19 장기화로 인한 경기침체 여파로 피해를 입고 폐업한 창업 자영업자 및 중소기업 희망퇴직자, 육아로 인한 경력단절자 등에게 희망사다리가 되고자 지난 2월부터 학력과 나이 등 제한이 없는 블라인드 채용 방식으로 실시했다.서류전형과 면접전형을 거쳐 선발된 합격자들은 여행상품·패션·디자인·미디어 콘텐츠 기획·IT솔루션 개발 등 비금융권에서 다양한 경력을 쌓아 온 26세부터 41세까지의 전문가들이다.이들은 각자 영역에서 구축한 전문성을 살려 미래금융사업, 중소벤처금융, AI빅데이터 등 디지털 플랫폼 혁신을 주도하는 주요 섹션에서 전문위원으로 새로운 도전을 시작하게 됐다.[표] ESG 3대 핵심전략 및 9대 핵심과제[표] 하나금융그룹 주요 비영리법인 현황",0
2021.09.28. 오후 2:27,5,달서구 ‘청소년지도자 역량강화 교육’개최,"대구 달서구(구청장 이태훈)는 지난 24일 구청 대강당에서 관내 청소년시설(청소년수련관, 청소년쉼터, 청소년상담복지센터, 학교밖청소년지원센터)에 근무하고 있는 청소년지도자 50여명을 대상으로 청소년 정책 방향성 파악과 전문성 및 사명감 고취를 위해 ""청소년지도자 역량강화 교육""을 개최했다.",0
2021.09.28. 오후 2:25,6,"영주 영광여고, 시민 독서감상문 대회 상 휩쓸어","영주시민 독서감상문 공모전에서 상을 휩쓴 영광여고 학생들이 엄지척을 하고 있다. 영광여고 제공경북 영주 영광여자고등학교 학생들이 2021 영주시민 독서감상문 공모전에서 상을 휩쓸었다.이번 공모전에서 영광여고 2학년 정하늘·김지수 학생이 까치상(2위)을, 2학년 이서현·김세민·최수빈·신민정 학생이 은행나무상(3위)을 받아 고등부 수상자 7명 가운데 6명이 차지하는 쾌거를 올렸다. 또 단체상도 지난해에 이어 2년 연속 수상했다.이같은 성과는 이 학교 학생들이 한국출판문화산업진흥원이 주관하는 와글와글 청소년 독서클럽을 통해 지난 5월부터 현재까지 매주 수·금요일 오전시간 30분간 읽은 책을 중심으로 질문지를 만들고 토론하는 등 꾸준히 독서모임을 가진 덕분으로 분석된다.김지수 학생은 ""청소년 독서클럽을 통해 친구들과 꾸준히 독서모임을 갖고 비경쟁 독서 토론 문화를 만들어 온 것이 좋은 성과를 낸것 같다""고 소감을 밝혔다.이영희 영광여고 교장은 ""학교 도서관은 학생들이 언제든지 책을 빌릴 수 있도록 문을 활짝 열어두고 있다""며 ""다양한 독서 프로그램을 통해 학생들의 독서 열기를 불러일으키겠다""고 말했다.한편, 지난달 20일부터 9월 20일까지 진행된 이번 공모전은 영주시가 주최하고 영주문인협회가 주관했다.",0
2021.09.28. 오후 1:04,7,"[이슈Q&A] 12~17세 소아·청소년, 성인과 동일 용량으로 백신 접종","10대 본인·보호자 동의 때만 실시화이자 백신 2회 접종… 영국은 1회 접종부스터샷은 화이자… 모더나는 향후 추가얀센은 12월께 미국 사례 참고해 접종 여부 결정될듯12~17세 소아·청소년과 임신부에 대한 코로나19 예방접종이 다음 달 18일부터 시작된다. 화이자·모더나 등 메신저 리보핵산(mRNA) 백신 2차 접종 예약자의 접종간격이 기존 6주에서 4~5주로 당겨지고, 고령층·의료진 등 고위험군에 대한 부스터샷(추가접종)도 다음 달 12일부터 시작한다.Q. 초등학생이 백신을 접종해도 안전한가.A. 국내에서 접종한 고3 학생들 86만9517명 가운데 26명이 심근염·심낭염 이상반응을 신고했고 검토한 결과 15건만 실제 사례로 진단받았다. 성별로는 남성이 13명, 여성이 2명으로 남성에게 더 많았다. 경증은 10명, 중증은 5명으로 지금은 모두 다 회복돼 퇴원한 상태다. 백신을 맞고 사망한 학생은 없다. 우리나라 고3 접종 효과를 봤을 때 16~18세의 감염 예방 효과는 95.8%, 중증과 사망 예방 효과는 100%로 분석됐다. 기저질환이 없는 건강한 소아·청소년은 코로나19로 인한 위험이 낮지만 드물게 중증 감염과 다기관염증증후군과 같은 합병증이 나타날 수 있어 접종을 권장한다. 다만 백신이 완벽한 것은 아니기 때문에 백신으로 인한 위험 또한 존재한다. 접종은 학교를 통해 배포한 동의서에 보호자(법정대리인)가 동의한 경우에만 실시한다.Q. 소아·청소년도 성인과 같은 용법으로 백신을 접종받나.A. 12~17세 소아·청소년도 성인과 동일한 용량의 화이자 백신을 2회 접종받게 된다. 세계보건기구(WHO), 미국, 캐나다, 독일 등 모두 성인과 같은 용법을 권장하고 있다. 다만 영국의 경우 고위험군만 2회 접종을 진행하고, 소아·청소년은 1회만 접종을 진행한다. 이들 연령대는 중증화 진행 가능성이 낮아 백신 접종의 이익이 심근염, 심낭염 등 부작용의 위험보다 크다고 보기 어렵다고 판단한 것이다. 최은화 예방접종전문위원장은 ""중장기적인 안정성에 대한 우려가 있기는 하지만 이런 불확실성 때문에 코로나19 예방효과, 방역 기여, 학습권 침해·심리적 위축이라는 정신건강에 대한 부정적 영향에서 벗어날 수 있는 선택의 기회를 완전히 배제하는 게 바람직하지 않다""고 설명했다.Q. 부스터샷은 어떤 백신으로 진행되나.27일(현지시간) 조 바이든 미국 대통령이 백악관에서 화이자 코로나19 백신 부스터샷을 접종받고 있다. [이미지출처=로이터연합뉴스]A. mRNA 백신인 화이자 또는 모더나 백신으로 진행된다. 다만 현재 발표된 추가접종 대상자에 대해서는 화이자 백신을 기본으로 진행한다. 이번 접종 대상군은 화이자나 아스트라제네카를 맞은 대상군인 만큼 동일접종 또는 이미 교차접종이 진행 중인 화이자 백신만을 선정한 것이다. 향후에는 모더나 백신도 추가접종에 활용될 예정이다. 정은경 코로나19 예방접종대응추진단장(질병관리청장)은 ""분명히 모더나 백신을 추가접종으로 사용할 것""이라면서도 ""접종 용량이나 간격에 대해 아직 검토가 진행되고 있는 상황이어서 해외 사례, 제약사 임상시험 자료 등을 면밀히 검토 후 진행할 것""이라고 말했다.Q. 부스터샷 접종자가 60세 이상으로 정해진 기준은 무엇인가?A. 현재 각 국가별로 상황에 따라 부스터샷 접종을 위한 고령층 기준을 다양하게 적용하고 있다. 미국과 프랑스는 65세 이상을 고령층으로 설정했고, 독일은 80세 이상으로 설정했다. 영국은 70세 이상을 고령층으로 설정했고, 향후 2단계에서는 50세 이상 성인으로 부스터샷 접종 연령을 낮출 예정이다. 싱가포르는 최근 확진자가 급증하면서 내달부터 50세 이상 연령대도 추가접종을 권고하기로 했다.우리 방역 당국은 ""중증화율, 치명률 등을 고려해 상반기에 60세 이상을 고위험군으로 분류했다""며 ""이에 따라 6개월 이후 추가접종의 대상으로 고위험군 연령을 60세 이상으로 했다""고 설명했다.Q. 얀센 접종자도 부스터샷을 맞을 수 있나.얀센 코로나19 백신 [이미지출처=EPA연합뉴스]A. 현재 국내 접종 완료 후 ‘돌파감염’ 추정 사례 발생률은 10만명 중 40.2명이다. 백신별로는 얀센만 161.2명으로 평균을 웃돌고, 나머지 백신은 모두 평균을 하회하고 있다. 정 단장은 ""얀센의 경우 1회 접종이라는 한계가 분명히 있다""며 ""검토를 거쳐 접종 후 6개월이 지나는 12월 초에 추가 접종계획을 마련해 발표하겠다""고 전했다. 추가접종 백신의 종류는 아직 정해지지 않았다. 독일과 프랑스는 얀센 접종자에게도 mRNA 백신 부스터샷을 접종하기로 했다. 하지만 가장 많은 얀센 백신 접종자가 있는 미국은 부스터샷을 보류한 상태다. 얀센에서 백신 2회 접종 시 감염예방 94%, 중증화 예방 100%의 효과가 있다는 연구 결과를 최근 공개한 만큼 미국의 경우 얀센 2회 접종으로 부스터샷을 진행할 가능성이 높다.Q. 아스트라제네카 잔여백신을 1차 접종한 경우 2차로 mRNA 백신을 맞을 수 있나.A. 아스트라제네카 백신을 잔여백신 예약을 통해 접종한 50대 이상의 경우 동일 백신으로 2차 접종하는 것이 원칙이다. 이에 따라 2차 접종도 아스트라제네카 백신으로 맞아야 한다. 다만 8주였던 아스트라제네카 1·2차 접종 간격이 4~12주로 조정됐고 28일부터 예약일정을 변경할 수 있다. 보다 빨리 접종을 완료하고 싶다면 2차 접종 일정을 앞당기면 된다.",1
2021.09.28. 오후 12:01,8,“英은 12~15세 1회만 맞는데… 우리아이 2회 접종 괜찮나”,"■ 청소년 접종계획에 갑론을박 학부모 “안전한것 맞나” 불안 교사 “미접종자 따돌림 우려”‘영국은 1회 접종, 미국은 2회 접종.’정부가 12∼17세 소아·청소년에 대한 코로나19 백신 접종을 다음 달부터 자율 접종으로 실시하기로 한 가운데 접종 권고 횟수가 국가별로 달라 또 다른 혼선이 빚어지고 있다. 28일 교육계에 따르면 정부의 12∼17세 소아·청소년 코로나19 백신 접종 계획을 두고 학부모들 사이에서는 ‘접종 이득’에 대한 갑론을박이 이어지고 있다. 전날 방역 당국이 소아·청소년의 접종 이득에 대해 “예방 접종으로 인한 잠재적 이득이 위해보다는 더 크다고 판단하지만 그 크기가 일반 성인, 고위험군보다 크게 상회하지는 않는다”고 밝히면서 학부모들은 접종의 이익과 부작용 위험성을 쉽게 판단하지 못하는 모양새다. 특히 학부모들은 또 국가별로 접종 횟수가 상이해 과연 성인과 동일하게 2회 접종을 권고하는 한국의 기준이 맞는지 의문을 제기하고 있다. 현재 미국, 캐나다, 싱가포르, 일본도 2회 접종을 권고하고 있다. 반면 영국의 경우 12∼15세 백신 접종 후 심근염 등 이상 반응이 주로 2차 접종 이후에 나타난다고 판단해 1회 접종만 권고하고 있다. 방역 당국은 “심근염·심낭염이 젊은 남성에게서 드물게 나타나긴 하지만 대부분 적절한 치료로 호조된 바 있다”며 2회 접종의 안전성을 강조하는 입장이다. 중1 자녀를 둔 학부모 A 씨는 “영국은 1회만 맞는 게 안전하다고 하고, 우리 정부는 2회도 괜찮다고 하는데 솔직히 뭐가 맞는 소리인지 판단이 안 선다”고 말했다. 학교 현장에서는 소아·청소년 백신 접종 소식에 기대와 우려가 교차하고 있다. 교사들은 접종 여부에 따라 학생들이 따돌림을 받거나 불이익을 받는 사례가 발생하지 않도록 대비가 필요할 것이란 지적도 한다. 경기 지역 중학교 교사 B 씨는 “접종한 학생들끼리만 몰려다니면서 돌파 감염에 노출되거나, 접종하지 않은 학생을 따돌리는 또래 집단의 문화가 걱정되긴 한다”고 전했다.   ",1
2021.09.28. 오후 12:01,9,2차접종 1~2주 단축… 내달 첫주 ‘단계적 일상회복’ 공청회 연다,"고교생 ‘신속 PCR 검사’ 28일 오전 서울 종로구의 동성고 학생들이 서울시 교육청의 ‘신속 자가분자진단 유전자증폭(신속 PCR) 검사’ 시범운영에 따라 등교하면서 코로나19 감염 여부를 판정받고 있다. 사진공동취재단■ ‘위드 코로나’ 잰걸음모더나·화이자 2차 4~5주로내달 25일부터 고령층 부스터샷김총리 “10월말 국민70% 접종”정부가 10월 말 ‘단계적 일상 회복’(위드 코로나) 방안을 이행하기 위한 토대 마련에 속도를 내고 있다. 방역 당국은 1·2차 백신 접종 간격을 줄여 접종 완료율을 높이고 소아청소년까지 백신 접종 대상을 확대하면서 공청회도 개최해 위드 코로나를 추진하겠다는 의지를 피력하고 나섰다. 김부겸 국무총리는 28일 오전 정부세종청사에서 주재한 코로나19 중앙재난안전대책본부(중대본) 회의에서 “백신 1차 미접종자에 대한 예약률이 전날(27일) 기준 5.3%에 불과하다”며 적극적인 백신 접종 동참을 호소했다. 김 총리는 이어 “전문가들도 동의하듯이 단계적 일상 회복은 우리가 반드시 가야 할 길”이라며 10월 말 위드 코로나 시행 방침을 재차 시사했다. 그는 지난 26일에도 “10월 말 정도 되면 접종 완료자가 전 국민의 70% 이상 될 것 같다”며 “그때쯤에는 다음 단계로 방역뿐 아니라 일상이 회복되는 단계적 일상 회복”이라고 언급했다.정부는 위드 코로나로 가기 위한 기반 마련의 하나로 당장 이날부터 10월과 11월 화이자·모더나 백신 2차 접종이 예정된 대상자의 접종 날짜를 앞당겨 조정된 일정을 개별 안내했다. 앞서 정부는 모더나 백신 공급 상황의 불확실성을 고려해 지난달 16일부터 메신저리보핵산(mRNA) 백신 2차 접종자의 접종 간격을 6주로 조정·적용한 바 있다. 그러나 앞으로 신속한 2차 접종을 위해 접종 간격을 각각 10월 둘째 주∼11월 첫째 주(10월 11일∼11월 7일) 2차 접종 예정자는 1주(6주→5주), 11월 둘째 주(11월 8∼14일) 2차 접종 예정자는 2주(6주→4주) 단축한다.정부는 이와 함께 지난 1월 28일 예방접종 계획 수립 당시 허가된 백신이 없어 접종대상에서 제외됐던 12∼17세 소아청소년 약 277만 명에 대해서도 코로나19 예방접종을 본격 실시한다. 16∼17세는 10월 5일부터 29일까지 예약을 거쳐 10월 18일부터 11월 13일 사이에 접종하고, 12∼15세는 10월 18일부터 11월 12일까지 예약한 뒤 11월 1일부터 27일까지 백신을 맞는다. 이 밖에 10월 25일부터는 60세 이상 고령층과 의료진 등 고위험군에 대한 ‘부스터샷’(접종효과 보강을 위한 추가 접종)도 시행된다.방역 당국 관계자는 이날 브리핑에서 “단계적 일상회복과 관련해선 10월 첫째 주 1차례, 중반쯤 1차례 등 2차례 공청회를 통해 전문가와 이해당사자 의견을 수렴하고 국민적 공감대를 충분히 형성하겠다”고 말했다. 한편, 이날 0시 기준 전국의 코로나19 신규 확진자는 2289명 늘어 누적 확진자가 30만5842명으로 집계됐다. 특히 서울 842명·경기 721명·인천 123명 등 수도권에서 전체의 약 74%인 1686명이 발생했다.",12
2021.09.28. 오전 11:51,10,"아동·청소년 행복한 삶 모색… 영등포구, 정책창안대회 개최","		 서울 영등포구는 아동과 청소년이 지역사회에서 겪고 있는 불편사항과 문제점을 찾아 대안을 제안하는 정책창안대회를 개최한다고 28일 밝혔다. 구에 거주하는 만 8∼18세 아동·청소년과 관내 학교에 다니는 초등학교 3학년부터 고등학교 3학년까지 재학생은 개인이나 2∼5명 이내로 팀을 구성해 대회에 참가할 수 있다. 구 홈페이지에서 참가신청서와 개인정보 동의서, 정책제안서 등을 내려받아 작성한 후 30일까지 담당자 이메일(haebonpoliye@gmail.com)로 제출하면 된다. 놀이와 여가, 참여와 시민의식, 안전과 보호, 교육환경, 사생활·가정환경 등 지정주제와 불편·개선사항과 관련된 자율주제 중 한 가지를 선택할 수 있다. 구는 다음 달 14일 제안의 진정성·실효성·논리성에 대한 심사를 통해 본선 진출 5개 팀을 선정한다. 이후 본선진출팀을 대상으로 제안서 피드백·질의응답·팀별 토론 등 제안 조정을 위한 정책워크숍을 실시한 후 10월 29일 본선 대회에서 팀별 발표와 질의응답을 통해 최종 수상팀을 뽑는다.  ",0
2021.09.28. 오전 11:36,11,학교와 멀어져 ‘또 하나의 집’ 잃은 10대…심리방역 급하다,"정신상담, 올해에만 14만여건공황장애 작년 4582명 4년새 배로우울 관련 환자 수도 64%증가코로나19가 장기화 되면서 청소년들의 심리적, 정서적 고립감이 날로 커지고 있는 것으로 나타났다. ‘청소년 1388 상담건수’에 따르면 2021년 8월까지 ‘정신건강’항목의 상담 건수는 14만1464건으로 월 평균 1만7683건이었다. 임명호 단국대 심리치료학과 교수는 “성장기의 청소년이 코로나19로 인해 학교와 멀어진 것은 인성과 생활습관을 잡아주는 역할을 하는 ‘또 하나의 집’을 잃어버린 것과 같다”며 “경제적 어려움처럼 확연히 눈에 보이는 게 현상이 아닌 만큼 교육 당국이 보다 더 청소년 눈높이에 맞는 사회관계망서비스(SNS) 비대면 상담이나 또래 활동을 적극적으로 늘릴 수 있도록 해야 한다”고 조언했다.사진은 기사 내용과 관계 없음 [연합]신종 코로나바이러스 감염증(코로나19) 상황이 20개월 넘게 지속되는 가운데 청소년들의 심리적·정서적 고립감이 날로 커지고 있는 것으로 나타났다.28일 국회 보건복지위원회 소속 신현영(더불어민주당) 의원이 여성가족부로부터 제출받은 ‘청소년 1388 상담건수’에 따르면 2021년 8월까지 ‘정신건강’항목의 상담 건수는 14만1464건으로 월 평균 1만7683건이었다. 코로나 팬데믹 전인 2019년에 비해 30% 증가한 수치다. 상담 내용별로 보면 ‘정신건강’ 관련 상담이 전체 상담의 24%로 가장 크게 차지했다.청소년들이 공황장애나 우울 관련 질병으로 진단 받은 수도 폭증했다. 국민건강보험공단이 신 의원실에 제공한 ‘건강보험 특정 질병별 진료현황’에 따르면 10대 공황장애 환자는 지난해 4582명으로 4년 전 2248명에 비해 약 2배로 증가했다. 우울 관련 10대 환자 수도 지난해 2만9718명으로 같은 기간 64% 늘었다.성별로는 10대 여성 청소년이 남성 청소년에 비해 심리적인 어려움을 더 겪고 있는 것으로 나타났다. 올해 상반기 10대 여성 공황장애 환자는 1559명으로 지난 5년간 3배로, 10대 남성 공황장애 환자(922명)는 2.14배로 증가했다. 같은 기간 10대 여성 청소년 우울 관련 환자는 1만32명으로 5년간 2.21배로, 10대 남성 청소년(5135명)은 1.45배로 늘었다.전문가들은 청소년 시기의 심리적 어려움은 전 생애에 걸쳐 부정적 영향을 줄 수 있기에 청소년 심리 방역을 위해 국가적 관심을 더 기울여야 한다고 입을 모은다. 의사 출신인 신 의원은 “코로나19로 청소년들의 학교 안전망이 취약해진 상태인 만큼 어떤 원인에 의해 청소년들이 정서적 취약 상태에 도달했는지 국회에서 심층 조사를 요구할 필요가 있다”며 “정서 상태를 더 면밀히 살필 수 있도록 국가적 차원의 예산·법적 지원을 강화해야 한다”고 말했다.임명호 단국대 심리치료학과 교수는 청소년들이 아직 발달 과정 속에 있는 심리 취약 계층이라는 점을 강조했다. 임 교수는 “성장기의 청소년이 코로나19로 인해 학교와 멀어진 것은 인성과 생활습관을 잡아주는 역할을 하는 ‘또 하나의 집’을 잃어버린 것과 같다”며 “경제적 어려움처럼 확연히 눈에 보이는 게 현상이 아닌 만큼 교육 당국이 보다 더 청소년 눈높이에 맞는 사회관계망서비스(SNS) 비대면 상담이나 또래 활동을 적극적으로 늘릴 수 있도록 해야 한다”고 조언했다.김희량 기자",0
2021.09.28. 오전 11:35,12,12~17세 백신 자율접종이라지만…학부모들 “아이 잘못되면 누가 책임지나”,"‘개별예약’ 내달 18일부터 접종“반강제적이면 자퇴시키겠다” 강경전문가 “접종 이익 압도적 아니다”최은화 예방접종전문위원회 위원장(서울대 어린이병원 소아청소년과 교수)이 27일 오후 충북 청주시 질병관리청에서 열린 신종 코로나바이러스 감염증(코로나19) 특집 브리핑에서 소아·청소년 접종 관련 질문에 답변하고 있다. 왼쪽부터 김여향 교수, 최은화 예방접종전문위원회 위원장(서울대 어린이병원 소아청소년과 교수), 정은경 질병관리청장, 이상수 교육부 실장(학교혁신지원실). [연합]내달 18일부터 12~17세 소아청소년 신종 코로나바이러스 감염증(코로나19) 백신 접종이 시작되지만, 백신을 맞아야 할지를 두고 학부모들이 고민에 빠졌다. 이번 접종은 학생과 학부모가 모두 동의한 뒤 개별 예약하는 방식으로, 강제 접종은 하지 않아도 되지만 백신 접종의 필요성에 대한 정부 차원의 설명이 부족하다는 지적이 나온다. 더욱이 백신 선택권이 부여돼, 부작용에 대한 책임을 학부모가 지도록 해 정부가 책임을 회피했다는 비판도 일고 있다.최은화 예방접종전문위원장은 27일 진행된 설명회에서 “기저질환이 있는 고위험 소아청소년은 코로나19로 인한 중증 진행과 사망 위험이 크지만, 기저질환이 없는 건강한 다수의 소아청소년은 대부분 감염돼도 경증이므로 고위험 소아청소년에 비해 개인적인 이득이 크지 않다”고 밝혔다.최 위원장은 이어 “기저질환이 없는 12~17살에 대해 코로나19로 인한 위험, 접종으로 인한 이상 반응 등을 견주어봤을때, 접종받는 이익이 위해 보다는 더 높지만 압도적이지는 않다”고 밝혔다.이번 소아청소년 코로나19 백신 접종 대상 인원은 약 277만여 명이다.정부는 당뇨나 비만을 포함한 내분비계 질환 심혈관 질환, 만성신장질환, 만성호흡기질환, 신경계 질환, 면역저하자 등 기저질환자에 대해서는 접종 필요성을 충분히 안내하고 적극 권고하기로 했다. 하지만 기저질환이 없는 상당수의 건강한 소아청소년은 압도적이지 않은 이익을 위해 부작용을 감수하고 맞아야할지 고민이다.더욱이 정부가 백신 선택권을 부여한 만큼, 부작용이 생길 경우 백신 접종을 선택한 학생과 학부모가 사실상 책임을 져야 해 반대 여론이 더욱 우세할 것으로 전망된다.중1과 초등학교 6학년 아이를 둔 한 학부모는 “저와 남편은 이미 백신을 맞았지만, 아이들은 절대 백신 접종을 시키지 않을 계획”이라며 “혹시 모를 부작용을 감수하고 싶지 않다”고 말했다.내년에 만12세가 되는 자녀를 둔 학부모는 “백신 접종을 하지 않기로 마음을 먹었다”며 “뉴스에서도 부작용 가능성을 이야기하고 있으며, 돌파감염이 나오는 등 백신 효과는 미미해 이익 보다는 손해가 크지 않겠느냐”고 했다. 　여기에다 교육부가 백신 접종 학생에게 특별한 혜택을 준다던가 차별적인 조치가 이뤄지지 않도록 하겠다고 밝혔지만, 이에 대한 우려의 목소리도 나온다.초등학교 3학년 자녀를 둔 또 다른 학부모는 “만약 백신 접종을 한 아이들만 등교를 시키는 등 백신 접종을 반강제화한다면, 차라리 자퇴를 시키겠다”며 “백신 맞은 아이들이 잘못된다면, 누가 책임을 질 것이냐”고 반문했다.감염병 전문가들은 정부가 찬반 의견이 엇갈리는 소아청소년에 대한 백신 접종에 선택권을 부여하면서 책임을 회피하고 있다고 비판한다. 소아청소년 접종을 성급히 추진하기 보다는 27일 기준 45.3%대에 불과한 성인 2차 접종률부터 끌어올리는 것이 순서라는 지적이다.김우주 고려대 구로병원 감염내과 교수는 “미국의 경우, 소아청소년 백신 접종이 선택사항이기는 하지만 정부가 소아청소년도 백신을 맞아야 한다고 강조한다”며 “우리나라는 백신 선택권만 부여하고 접종시 이득이나 부작용에 대해서는 상세한 설명이 없어, 백신을 맞으라는 건지 말라는 건지 애매모호하다”고 말했다.김 교수는 “정부가 지금 백신을 맞는 것이 더 이득이라던가, 아직은 때가 아니고 성인 2차접종 후에 소아청소년 접종 시기에 대해 결정하겠다던가 하는 식으로 더욱 책임 있는 대응이 필요하다”며 “백신 접종에 대한 명확한 설명 없이 선택권만 주는 것은 학부모가 책임을 지라는 것 아니냐”고 반문했다. 장연주·채상우 기자",8
2021.09.28. 오전 11:31,13,“투자 유도하더니 이젠 규제하나”… 개미들 ‘정부책임론’ 확산,"■ 文정부 밀던 BBIG 주가 급락 40종목 뽑아 지표 만들고 홍보 최근 빅테크·금융플랫폼 규제 실적부진과 겹쳐 관련주가‘뚝’BBIG(배터리·바이오·인터넷·게임) 종목 주가가 부진의 늪에 빠지면서 투자자들의 혼란이 가중되고 있다. 문재인 대통령이 직접 해당 펀드에 가입한 사실이 홍보됐고, 정부가 각종 선전 방식으로 투자자들의 맹목적 투자를 유도한 만큼, 정부가 손실 책임론을 회피할 수는 없다는 지적이다.28일 금융계에 따르면, ‘KRX BBIG K-뉴딜지수’는 이달 들어서만 6.98% 하락했다. 우선 정부의 ‘빅테크 규제’로 인터넷지수에서 시가총액이 가장 높은 네이버와 카카오가 폭락한 영향이 컸다. 두 종목은 이달 들어 각각 9%, 23% 넘게 하락해 이날 현재 39만 원, 11만 원 선에서 거래되고 있다. 앞서 금융당국은 두 회사의 금융플랫폼이 금융소비자보호법 위반 소지가 있다고 보고 서비스를 개편할 것을 주문했다. 해당 규제가 가시화된 이달 초부터 두 기업의 주가는 크게 폭락 중이다. 일부 투자자 사이에서 “언제는 투자하라더니, 규제하는 건 뭐냐”는 원성이 나오는 이유다. 여기에 LG화학의 제너럴모터스(GM) 리콜 사태, 엔씨소프트의 블레이드앤소울2 부진 등 일부 회사의 개별 악재가 더해진 측면도 있다.금융권 안팎에서는 적극적으로 투자를 유도한 정부 책임론이 제기되는 상황이다. 정부는 지난해 9월 K-뉴딜지수 5종을 내놓을 무렵부터 사실상 테마주를 주도하는 것 아니냐는 비판이 나올 만큼 BBIG 분야와 뉴딜펀드 가입을 적극적으로 밀어줬다. 특히 정부는 지난 3월 정책형 뉴딜펀드(뉴딜펀드)도 출시하면서 원금·수익률 보장 발언으로 논란을 낳기도 했다. 금융투자업계 관계자는 “이런 미끼는 투자자로서는 당연히 물어야 하는 미끼”라며 “1차 뉴딜펀드가 중간에 환매가 불가능한 4년 폐쇄형 구조로 설계됐음에도 인기가 많았던 이유”라고 말했다. 다른 금융권 관계자는 “증시 격언 중에 정부에 맞서지 말라는 말이 있다”며 “이 말은 다시 말하면 정부가 밀어주는 곳에는 반드시 투자하라는 소리”라고 했다.업계에서는 기대에 미치지 못한 실적, 정부의 규제 정책 등이 맞물리면서 나타난 결과라고 보고 있다. 위정현 한국게임학회장은 “심야 시간에 청소년의 게임 접속을 막는 ‘셧다운제’부터 이른바 4대 중독법까지, 게임산업에 대한 지나친 규제가 업계 전반에 부정적인 영향을 미쳐왔고, 업체들이 퀄리티가 높은 게임을 내놓기보다 확률형 아이템에 치중한 비즈니스 모델로 손쉽게 돈을 벌어온 점도 경쟁력 약화 원인 중 하나”라고 진단했다. ",8
2021.09.28. 오전 11:14,14,‘여당 군수-야당 의회’ 고성군 사사건건 충돌…지방선거 8개월 앞 고성만 이럴까,"고성군과 군의회가 살얼음판을 걷고 있다. 집권당 군수에, 의회는 여소야대 형국이라 주요 현안마다 충돌하며 파열음을 내고 있다. 특히 지방선거를 앞두고 한층 가열되는 모양새다. 사진은 지난 7일 폐회한 고성군의회 제266회 임시회 본회의. 의회사무국 제공경남 고성군과 군의회가 살얼음판을 걷고 있다. 집권당 군수에, 의회는 여소야대 형국이라 주요 현안마다 충돌하며 파열음을 내고 있다. 특히 지방선거를 앞두고 한층 가열되는 모양새다. 군의회의 계속된 발목잡기에 다급해진 집행부는 이례적으로 ‘재의 요구권’까지 발동했다. 집행부로선 불가피한 선택이지만, 자칫 상황을 악화시키는 자충수가 될 수 있다는 지적도 나온다.백두현 고성군수는 27일 기자회견을 열어 지난 7일 군의회에서 발의·의결한 ‘고성군 공모사업 관리 조례안’에 대해 유감을 표명하고 재의를 요구하기로 했다고 밝혔다. 재의는 의결된 안건을 다시 심사하는 절차다. 지방자치법에서 정한 지자체장의 고유 권한이다. 백 군수의 재의 요구는 민선 7기 출범 이후 처음이다.해당 조례안은 각종 공모사업에 대한 타당성, 적법성, 군비 부담의 적정성 등을 사전에 검토해 지역 실정에 맞게 참여는 것을 골자로 한다. 문제는 ‘의회 사전 보고 의무’ 조항이다.백 군수는 “의회 의무 보고 대상이 되면 신청 전부터 많은 행정력이 낭비돼 때를 놓치거나 공모에 대응하는 공무원 역량이 분산될 수 있다”고 지적했다. 또 ‘사전 보고’가 ‘사전 심의’로 변질해 집행부 예산편성권도 침해받게 될 소지가 있다는 게 백 군수의 판단이다.백 군수 취임 이후 고성군은 상급 기관 공모사업으로 159건, 4620억 원의 국‧도비를 확보했다. 이를 통해 641억 원 규모 산성마을 스마트축산, 800억 원 규모 스마트양식 클러스터, 710억 원 규모 동해면 무인항공기 투자선도지구 등 그동안 지방재정 한계로 불가능했던 대형 프로젝트 수행이 가능해졌다는 설명이다. 백 군수는 “공모사업을 통해 재정자립도가 약한 지방정부의 한계를 뛰어넘고 있다”면서 “잘하고 있으면 더 잘하라고 격려해 주고, 성과를 낸 공무원들 밥이라도 한 끼 사주면서 격려해야 하는 것 아니냐”고 반문했다. 그러면서 “현재까지 이룬 성과와 조례제정 시 우려되는 문제점을 고려하면 관련 조례는 걱정되는 면이 더 많다”며 “지역 발전과 군민 행복을 위하는 것이 무엇인지 다시 한 번 심사숙고해 달라”고 당부했다. 덧붙여 “의회와 소통하지 않겠다는 것은 절대 아니다. 지금도 중요한 공모에 대해선 의회와 교감해 왔고, 앞으로도 의회를 존중하고 협의하겠다”고 약속했다.백두현 고성군수는 27일 군청 중회의실에서 기자회견을 열어 지난 7일 군의회에서 발의·의결한 ‘고성군 공모사업 관리 조례안’에 대해 유감을 표명하고 재의를 요구하기로 했다. 고성군 제공지자체장이 재의를 요구한 조례안은 재적의원 과반수 출석에 출석의원 3분의 2 이상 찬성으로 재의결해야 한다. 이 조건을 충족하지 못하면 조례안은 자동 폐기된다. 하지만 고성군의회는 전체 의원 11명 중 8명이 백 군수(더불어민주당 소속)와 다른 국민의힘 소속이다. 민주당 의원은 단 2명, 나머지 1명은 무소속이다. 현재로선 재의결 가능성이 크다. 이 경우, 집행부는 지방자치법 제107조 제3항에 따라 마지막으로 대법원에 제소할 수 있다. 하지만 군의회와 전면전을 각오해야 한다. 묵혔던 갈등이 한꺼번에 표출될 가능성도 배제할 수 있다.실제로 민선 7기 출범 이후 양측은 사사건건 부닥쳤다. ‘포퓰리즘’ 논란에 4수 끝에 겨우 군의회 문턱을 넘은 ‘청소년 수당’을 시작으로, 코로나19 백신 인센티브 예산 전액 삭감, 영유아 수당 도입 발표를 놓고 날 선 공방을 벌였다. 여기에 동물보호센터‧유스호스텔 신설에 대해서도 갑론을박을 예고한 상태다. 모두 백 군수의 핵심 공약이거나 시행을 공언한 사업이다.지역에선 지난한 정쟁에 민생이 묻힌다며 볼멘소리다. 지역 학부모단체 관계자는 “민의는 안중에 없고 정치 논리로 대응하다 보니 매번 이런 식이다. 군민 입장에선 볼썽사납다”면서 “이대로는 고성의 미래를 장담할 수 없다. 여야를 떠나 발전적 논의와 협치가 필요하다”고 꼬집었다.",0
2021.09.28. 오전 10:33,15,"페이스북, 논란 속 어린이용 인스타그램 개발 중단","WSJ ""유해성 알고도 추진"" 보도에 정치권 비판 후폭풍 페이스북 ""청소년 안전 강화하겠다""[이미지출처=로이터연합뉴스]어린이용 인스타그램 개발로 한 차례 홍역을 치른 페이스북이 결국 13세 미만 어린이용 인스타그램 개발을 중단한다고 발표했다.27일(현지시간) 월스트리트저널(WSJ)에 따르면 이날 오전 페이스북은 성명을 내고 ""'인스타그램 키즈'의 구축이 올바른 일이라고 믿지만 우리는 개발을 중단키로 했다""고 밝혔다. 이어 페이스북은 ""대신 인스타그램은 10대 청소년들의 안전과 10대들을 위한 부모의 감독 기능을 강화하는 데에 계속 초점을 맞출 것""이라고 덧붙였다.사진 및 동영상을 공유하는 소셜미디어(SNS)인 인스타그램은 미 현행법상 13세 미만 어린이들은 사용이 불가능하다. 이 때문에 페이스북은 13세 미만 어린이들을 위한 별도의 인스타그램 개발을 추진해 왔다.하지만 최근 WSJ의 보도로 페이스북이 자체 연구를 통해 인스타그램이 10대 청소년들에게 정신적으로 유해하다는 연구결과가 여러차례 밝혀졌음에도 개발을 강행한 것으로 드러나 논란이 일었다.WSJ이 입수한 페이스북 내부 문건에 따르면 자살을 생각한적이 있다고 밝힌 영국과 미국의 10대 청소년 중 각각 13%, 6%가 인스타그램을 그 원인으로 지목했다.WSJ의 보도 후 미 정치권에서는 13세 미만 어린이용 인스타그램 개발을 중단하라는 목소리가 커졌고, 상원 상무위원회 산하 소비자보호소위원회는 페이스북 책임자를 불러 청문회를 열기로 했다. 논란이 이어지는 가운데 페이스북 최고기술책임자(CTO)인 마이크 슈뢰퍼가 사임하면서 일각에서는 인스타그램 논란의 후폭풍이 아니냐는 목소리도 나온 바 있다.",1
2021.09.28. 오전 10:01,16,"지난 10년 가장 많이 팔린 ‘벽돌책’… ‘스티브 잡스’ 65만부, 최다 판매","■ 벽돌책의 세계 - 올해 ‘약속의 땅’ 두달만에 3만부지난 10년간 가장 많은 독자의 사랑을 받은 벽돌책은 무엇일까.문화일보가 교보문고에 의뢰해 ‘2011~2021년 벽돌책 판매 순위’를 집계한 결과, ‘약속의 땅’(웅진지식하우스), ‘인간 본성의 법칙’(위즈덤하우스), ‘작은 아씨들’(RHK), ‘스티브 잡스’(민음사) 등이 연도별 1위에 올랐다. 버락 오바마 전 미국 대통령의 회고록 ‘약속의 땅’은 출간 두 달 만에 3만 부가량(판매량은 출판사 집계) 팔리며 ‘올해의 벽돌책’에 등극했다. ‘개인사’보다 ‘공적 삶’에 초점을 맞춘 책은 오바마 전 대통령이 세계 정치무대에서 어떤 판단으로 결정을 내렸는지 보여준다.지난해 베스트셀러는 동명 영화로도 만들어진 소설 ‘작은 아씨들’이다. 영화 개봉에 맞춰 RHK를 비롯해 월북·아르테·펭귄클래식코리아 등 여러 출판사가 번역본을 출간했는데, 미국 초판본(1868년)과 같은 표지에 30여 장의 영화 스틸컷을 넣어 가독성을 높인 RHK 버전이 최종 승자가 됐다. 훌륭한 인간관계를 이끄는 18가지 원칙을 정리한 ‘인간 본성의 법칙’은 2019년 가장 많은 판매를 기록한 벽돌책이다.흥미롭게도 아이를 키우는 부모들의 필독서로 자리매김한 ‘삐뽀삐뽀 119 소아과’(그린비·유니책방)는 2013·2015·2017·2018년 등 네 차례나 1위를 차지했다. 소아청소년과 전문의 하정훈이 쓴 책으로 1997년 첫 출간 이후 개정판만 12번 나왔다. ‘21세기 자본’과 ‘핑거 스미스’는 각각 2014년, 2016년 1위에 올랐다.10년간 누적 판매량은 2011년 나온 ‘스티브 잡스’가 65만 부로 가장 많았다. 잡스의 천재성뿐 아니라 괴팍하고 신경질적인 면모를 가감 없이 기록하며 월터 아이작슨을 세계적 전기작가의 반열에 올려놓은 책이다. 이밖에 ‘21세기 자본’ ‘인간 본성의 법칙’ ‘사기열전 1’(민음사), ‘작은 아씨들’ 등이 누적 판매 상위권을 기록했다. 한편 순위 집계는 ‘800쪽 이상’의 책을 대상으로 했으며, 참고서·학습서·사전 등은 제외했다.  ",1
2021.09.28. 오전 10:01,17,개인정보 전송요구권·AI 결정 거부권 도입…법 개정안 마련,"게티이미지뱅크 제공개인이 본인 정보를 원하는 기업 등에 직접 전송을 요청할 수 있는 '전송요구권'이 도입된다. 인공지능(AI) 등 자동화된 시스템 결정으로 피해를 입지 않도록 이를 거부하거나 설명을 요구하는 권리도 마련된다. 개인정보보호위원회는 28일 국무회의에서 이 같은 내용을 담은 '개인정보 보호법' 개정안을 의결, 이달 중 국회에 제출한다고 밝혔다. 2011년 개인정보 보호법 제정 이후 정부가 산업계, 시민단체, 관계부처 등의 의견을 반영해 마련한 전면 개정안이다.윤종인 개인정보위 위원장은 “아동·청소년 등 취약계층 보호, 민감정보·생체정보·영상정보 등 국민생활에 큰 영향을 미치는 개인정보에 대해서도 지속 개선하는 등 국민 개인정보 자기결정권이 더욱 실질적으로 보장되도록 노력하겠다”고 말했다.개인정보위는 개정안을 통해 디지털 대전환에 맞춰 개선이 필요한 불합리한 규제를 정비한다. 개인정보 이동을 요구할 수 있는 전송요구권과 자동화된 결정 거부 등 대응권을 신설한다. AI 등 신기술 발전에 대응해 정보 주체인 국민 권리를 강화하기 위해서다. 전송요구권 도입으로 국민은 개인정보를 본인 또는 다른 기업에 직접 전송하도록 요구할 수 있다. AI 등 신기술이 국민생활에 영향을 미칠 것으로 예상된다. 과세대상, 복지 수혜자격 결정, 신용등급 등 완전히 자동화된 결정으로 말미암아 자신 권리와 의무에 중대한 영향을 받는 경우 거부하거나 설명을 요구할 수 있는 권리(자동화된 결정에 대한 대응권)를 도입한다. 그동안 일반 국민과 기업에 법 적용 혼선과 이중부담 원인이 된 온·오프라인 이중규제, 개인영상정보 처리 등 신기술환경 변화에 따라가지 못하는 규제 등도 디지털전환에 맞춰 정비한다.급증하는 고정형·이동형 영상기기 운영 기준이 명확하지 않은 문제를 개선하기 위해 촬영이 가능한 범위 등을 구체화했다. 무분별한 폐쇄회로(CC)TV 운영을 방지하기 위해 '정당한 권한을 가진 자'만 설치·운영할 수 있도록 명확화했다. 드론, 자율주행차 등 이동형 영상기기는 산업 현장에서 실제 적용이 가능하도록 공개된 장소에서의 업무 목적으로 촬영할 수 있는 범위를 신설했다.전자상거래 확대에 따른 개인정보 국외 이전 증가 등 변화에 대응해 글로벌 수준에 부합하도록 개인정보 국외 이전 제도를 개선하고, 법 위반에 대한 형벌 완화와 함께 과징금 제도를 정비한다. 과징금은 상한액을 글로벌 수준에 맞춰 전체 매출액(3% 이하) 기준으로 조정한다. 산업계·관계기관 등 의견을 반영해 개인정보가 유출된 경우에도 기업이 안전 조치를 다한 경우 과징금 부과 대상에서 제외됨을 명확히 했다.",0
2021.09.28. 오전 7:31,18,[미래기술25]①난치병 해결사로 등장한 '세포치료제',"기존 재조합 단백질 및 항체치료제 단점 보완근본적인 질병 완치가 가능한 치료법으로 각광면역항암제, 부작용 적고 완치율 높아 新패러다임[이데일리 김지완 기자] 세포치료제는 1세대 재조합 단백질, 2세대 항체치료제를 이은 3세대 바이오 의약품으로 일찍부터 주목받아 왔습니다. 기존의 재조합 단백질 의약품은 체내에서 약효가 짧고 항체 의약품은 다양한 질환에서 활용되기 어렵다는 점이 한계로 지적받아 왔습니다. 반면 세포치료제는 이론적으론 질환의 근본적인 치료가 가능합니다.면역세포치료제 전문기업 바이젠셀의 김태규 대표는 “화학물 치료가 한계에 부딪히면서 바이오 의약품 치료제가 개발되기 시작했다”면서 “항체 치료제가 좋은 효과를 내면서 현재 글로벌 블록버스터 약물로 자리 잡았다. 또 세포치료제는 새로운 형태의 난치병 치료법으로 각광받고 있다”고 진단했습니다. 그는 “세포치료는 수혈, 조혈모세포 이식 등을 통해 이미 많은 생명을 살린 이력이 있다”면서 “세포치료제는 시작 단계이지만 난치병 치료에 새로운 영역을 구축할 것”이라고 내다봤습니다.[이데일리 이미나 기자]세포치료제는 살아있는 세포를 치료에 이용합니다. 세포치료제에 쓰이는 세포의 종류는 줄기세포, 면역세포, 피부세포, 피부·연골 세포로 나눌 수 있습니다. 줄기세포에는 배아줄기세포, 역분화줄기세포, 성체줄기세포 등이 있고 파킨슨병 (Parkinson’s disease), 알츠하이머병(Alzheimer’s disease), 척수손상, 뇌졸중, 화상, 심장병, 당뇨병, 류마티스성 관절염 등의 질환을 치료할 수 있습니다.면역세포는 T세포, 자연살해(NK)세포 등이 있고 백혈병, 림프종, 간암, 폐암, 전립선암, 자가면역질환 등을 치료합니다. 체세포는 피부세포와 연골세포가 있고 피부 화상, 흉터, 퇴행성 관절염 등을 치료할 수 있습니다.오늘날 기증된 장기와 조직을 이식함으로써 여러 질병을 치료하고 있으나 이식될 장기는 항상 부족한 실정입니다. 이를 보완할 방법으로 줄기세포를 특수한 형태의 세포로 분화시켜 질병 치료에 사용하는 방법이 개발되고 있습니다.정희진 홍익대 바이오화학공학과 교수는 ‘유전자·세포치료제 개발 현황 및 동향’을 통해 “세포 치료는 장기이식과 비교했을 때 5~10% 비용만으로 치료가 가능하고, 복수의 환자에게 이식이 가능하다”면서 “세포치료는 비침습적이기 때문에 간편한 방법으로 세포 이식이 가능하고 수술이 용이하다”고 설명했습니다. 정 교수는 이외에도 세포치료제가 △유전자 도입이 가능하고 △ 사망률을 낮추고(무병생존기간을 늘리고) △ 환자 자신의 세포를 자가 세포치료제로 개발 가능하다는 이점이 있다고 소개했습니다.면역세포치료는 현재 암 치료에 이용되는 외과적 수술과 방사선치료, 항암화학치료 등과 더불어 ‘제4의 치료법’으로 주목받고 있습니다. 최근에는 기존의 화학항암제에서 면역항암제로 패러다임 전환(Paradigm shift)이 빠르게 전개되고 있습니다. 세대별 항암제를 살펴보면, 1세대 화학항암제는 암세포뿐 아니라 정상세포까지 공격해 부작용이 크고, 2세대 표적항암제는 암세포의 특정 단백질 등을 타깃하여 부작용은 덜하지만 적용 대상이 제한적이고 내성이 생길 수 있습니다. 암이 생기는 근본적인 원인은 체내 면역시스템이 적절하게 작동하지 않아서인데, 3세대 면역항암제는 암과 면역질환의 치료에서 혁신적인 효과를 보여주고 있습니다. 면역항암제는 부작용 측면에서도 기존 항암 요법 대비 우수한 것으로 평가되고 있습니다.특히 ‘CAR-T’(키메라항원수용체) 세포치료제는 혈액암에서 암세포를 완전히 소멸시키며 완치 판정 가능성을 높이고 있습니다.노바티스의 세계 최초 CAR-T 세포치료제 ‘킴리아’(Kymriah)는 소아청소년 재발·난치성 B 세포 급성 림프구성 백혈병 (ALL18)을 대상 임상시험에서 3개월 내 83%의 완전 관해율을 보였습니다. 완전 관해율(Complete Response)은 질병에 대한 모든 임상적 증거가 사라진 비율, 즉 완치 비율을 말합니다.독일 카이트(Kite)사의 CAR-T 세포치료제 ‘예스카타’(Yescarta)는 재발·난치성 거대 B세포 림프종을 적응증으로 합니다. 2회 이상의 항암 치료에 실패한 재발·난치성 림프종 환자의 경우 기존 치료법으로 치료 시 6개월 후의 완전 관해율이 7%에 불과하지만, 예스카타 투여 시 51%의 완전 관해율을 보였습니다. 바이젠셀의 NK·T 세포 림프종 치료제 ‘VT-EBV-N’은 임상에서 5년 무재발 생존율이 90%로 나타났습니다. 종전 치료제의 생존율은 26%에 불과했습니다. 이 치료제는 지난 2019년 식품의약품안전처로부터 희귀의약품으로 지정받았습니다.[이데일리 문승용 기자]",1
2021.09.28. 오전 5:38,19,美드라마 ‘케빈은 열두 살’… 28년 만에 흑인 가족으로 돌아왔다,"1960년대 배경 소년의 성장기백인 주인공 모두 흑인으로 바꿔원작 주연 새비지가 연출 맡아							사춘기 소년의 성장담을 잔잔히 그려 국내에서도 큰 인기를 끌었던 미국 TV 홈드라마 ‘케빈은 열두 살’(원제 ‘Wonder Years’·1988~1993년 방영)이 28년 만에 리메이크판으로 돌아왔다.지난 22일(현지 시각) ABC방송을 통해 처음 전파를 탄 리메이크판은 1960년대 말이라는 시대적 배경은 그대로 둔 채 원래 백인이었던 주인공을 모두 흑인으로 바꿔 제작 과정부터 화제가 됐다. ABC방송이 미 전역에서 인종차별 반대 시위가 벌어지고 있던 지난해 7월 리메이크판 제작을 발표해 흑인 인권에 대한 재조명 프로젝트로도 주목받았다.30여년 만에 리메이크된 2021년 버전의 '케빈은 열두 살' 포스터. 1960년대 후반이라는 시간적 배경은 동일하지만 주인공은 흑인 가족으로 바뀌었다./ABC TV 홈페이지										원작 ‘케빈은 열두 살’은 성인이 된 케빈 아널드가 청소년 시절을 추억하며 내레이션을 하는 형식이었다. 한국에서 더빙판으로 방영됐을 땐 성우 배한성이 어른 케빈 목소리를 맡았다. 이번에 공개된 리메이크판 첫 화도 포맷은 같게 유지됐지만, 등장인물과 배경은 싹 바뀌었다. 주인공 열두 살 백인 소년 케빈은 흑인 소년 딘 윌리엄스로 바뀌었다. 사회성도 다소 짙어졌다. 원작에선 배경지가 구체적으로 언급되지 않았지만, 리메이크판에선 앨라배마주 몽고메리로 특정됐다. 이곳은 1960년대 인종분리 정책에 맞서 흑인 민권 운동이 대대적으로 벌어진 지역이다.1988년 첫 방영 당시 '케빈은 열 두 살' 포스터. 주인공 케빈(가운데)뿐 아니라 학교 친구 위니(맨 왼쪽)와 폴(맨 오른쪽) 등 조연들도 국내에서 인기를 끌었다./아마존 홈페이지 										예고편에 등장한 주인공 내레이션에는 “1968년 나라를 극심하게 분열시킨 대통령 선거가 일어났지”라고 회고하는 부분을 넣어 현재 미 사회상과 겹쳐보이게 했다. 흑인 아역 배우 엘리샤 윌리엄스가 주인공 딘을 연기하고, 어른이 된 딘의 목소리는 연기파 흑인 배우 돈 치들(57)이 맡았다. 극본은 몽고메리 출신의 흑인 방송·영화 작가인 살라딘 패터슨이 썼다.1988~1993년 '케빈은 열 두살' 시리즈에서 주인공 케빈 아널드 역을 맡았던 배우 겸 감독 프레드 새비지(왼쪽)와 2021년 리메이크판에서 주연을 맡은 흑인 아역 배우 엘리샤 윌리엄스가 지난 5월 화상 대담을 나누는 모습./Wonder Years 공식 페이스북 계정 										흑인들이 포진한 배우와 스태프 중에서 유독 눈에 띄는 백인 제작진이 있다. 30년 전 ‘케빈은 열두 살’의 주연 프레드 새비지(45)가 연출을 맡은 것이다. 본명보다 ‘케빈 맡은 꼬마 배우’로 더 유명했던 그는 종영 뒤 대중에게서 잊혔지만, 배우와 감독 제작자로 경력을 쌓아왔다. 흑인 버전 리메이크판에서 메가폰을 잡으며 작가 패터슨과 함께 공동 제작자로 이름을 올렸다. 얼굴은 주름지고 수염으로 뒤덮였지만, 열두 살 케빈 시절 얼굴 윤곽이 남아있는 새비지는 지난 5월 출연·제작진과 가진 화상 대담에서 “이번 프로젝트는 우리 모두에게 너무나 뜻깊고 소중한 작업”이라고 했다.",0
2021.09.28. 오전 5:07,20,[사설] 12~17세 접종하고 미접종 줄여야 ‘위드 코로나’ 한다,"		방역 당국은 어제 코로나19 백신 접종 효과를 높이기 위해 코로나19 치료병원 종사자와 60세 이상 고령자 등 369만명에게 다음달 25일부터 추가 접종을 시작한다는 4분기 시행계획을 발표했다. 그동안 접종 계획에서 제외했던 12~17세 소아·청소년과 임신부 등 277만명을 대상으로 다음달부터 백신 사전예약을 시작한다. 단계적 일상 회복을 의미하는 ‘위드 코로나’를 향한 발걸음이 빨라지는 것이다.방역 당국이 백신 접종에 초점을 맞추는 것은 이해가 간다. 미국 질병통제예방센터(CDC)에 따르면 지난 5월 1일부터 7월 25일까지 미국에서 발생한 4만건의 코로나19 감염 사례를 분석한 결과 백신을 접종하지 않은 사람의 감염률이 4.9배나 높았다. 감염 이후 입원 치료를 하는 경우도 백신 미접종자는 무려 29.2배였다. 우리의 경우도 지난 5월부터 7월 24일까지 발생한 확진자 6만 5347명 가운데 위중증환자·사망자(1415명) 가운데 백신 미접종자가 91.3%를 차지했다.27일 기준으로 1차 미접종ㆍ미예약자와 예약 취소자는 573만명인데, 이 중 백신 접종 예약자는 4.4%에 불과하다. 500만명 이상이 전파력 높은 변이 바이러스에 속수무책으로 노출된 현 상황을 타개하는 것이 중요하다. 시민들의 참여도 필요하다.백신 접종률을 최대한 높이고 감염 확산세를 저지해 위드 코로나 시대를 열어야 하지만 최근의 상황을 보면 걱정이 앞선다. 추석 연휴를 지나면서 코로나19 확진자가 기하급수적으로 확산되면서 누적 확진자가 20만명에 도달한 지 불과 55일 만에 30만명을 넘어섰다. 바이러스 잠복기를 고려할 때 추석 연휴가 끝난 이번 주부터 확산세가 본격화할 수도 있다. 다음달 초 개천절과 한글날 연휴를 감안하면 걷잡을 수 없는 확산세 차단이 급선무다. 백신 접종률을 높이고 방역 수칙을 엄수해야 4차 대유행의 파고를 넘을 수 있다.",0
2021.09.28. 오전 5:07,21,[데스크 시각] 어린 투명인간/유영규 사회부장,"유영규 사회부장‘비행소년은 우리 사회의 투명인간입니다. 존재하지만 누구도 관심을 두지 않습니다. 존재감을 드러낼 때는 사건이 일어났을 때뿐입니다. 평소에는 있는 줄도 모르다가 충격적인 사건이 터지면 뾰족한 눈길이 모두 소년들에게 쏠립니다. 눈길 어디에도 호의는 없습니다. 사고를 치기 이전에 어떤 삶을 살았는지, 앞으로 어떤 삶을 살게 될지 생각하는 이들은 많지 않습니다.’(천종호 판사의 ‘내가 만난 소년에 대하여’ 중)소년법 존폐를 두고 논란이 뜨겁다. 최근 만 14세 미만 촉법소년들이 저지르는 강력범죄가 잇따르면서 촉법소년 제도를 폐지하거나, 촉법소년의 연령 상한선을 낮추자는 여론이 다시금 고개 들고 있다. 분노한 여론에 호응하듯 대선 예비후보들도 경쟁적으로 관련법을 바꾸겠다며 공약을 내건다. 국민의힘 대선주자인 유승민 전 의원은 촉법소년의 기준을 만 14세에서 12세로 낮춰야 한다고 했고, 최재형 전 감사원장은 “중범죄는 10세도 처벌해야 한다”고 강조했다. 출렁이는 여론에 여당 원내대표도 “범부처가 논의를 시작해야 한다”며 동조했다.촉법소년 나이를 낮추자는 주장의 주된 근거는 청소년 범죄가 점점 늘어만 가고 수법도 흉포해지고 있으니 처벌을 강화해야 한다는 것이다. 1953년 이후 70년 가까이 바뀌지 않은 촉법소년의 나이 기준도 문제라고 지적한다. 21세기 아이들을 20세기 법으로 재단하는 것은 옳지 않다고도 말한다. 사실 촉법소년은 해묵은 논쟁거리다. 하지만 늘 뭔가 자극적인 사건이 터지면 사람들은 들불처럼 일어나 분노하고 처벌의 수위를 높여야 한다고 외친다. 한 축에는 소년들의 범죄를 자극적으로만 소비하는 미디어가 존재한다.문제는 커져만 가는 어른들의 혐오와 분노만큼 소년범을 교화시키고 다시 사회의 구성원으로 받아들이려는 노력은 미비하다는 점이다. 재범을 막고 아이들이 사회에 안착하게 하려면 어른들의 오랜 고민과 인내, 투자가 필요하지만, 어느 정치인도 이런 말을 꺼내지 않는다. 현실을 짚어 보자. 법조계에선 소년 재판을 두고 ‘컵라면 재판’이라는 자조 섞인 말이 나온다. 소년 재판은 법관도, 사법 인프라도 부족해 1~2주에 한 번꼴로 재판이 열리는데 이때 한꺼번에 법정에 서는 아이가 100여명에 달한다. 아이 1명당 배당되는 시간은 3분 안팎. 이쯤 되면 누군가의 죄를 판단할 시간도, 저지른 죄를 반성할 시간도 없다. 재판 후 아이들을 맡아 줄 시설도 마땅치 않다. 실제 비행 정도가 크지 않으나 가정에서 보호할 수 없는 상황인 아이들은 6호 처분을 받고 감호 위탁시설로 가야 하는데, 정작 이런 시설은 전국에 17곳뿐이다. 시설이 꽉 차 있다 보니 6호 처분을 받아야 하는 아이가 폭력을 휘두르는 부모의 집으로 돌아가기도 한다. 일부 법관들은 오히려 과하게 죄를 물어 소년원 송치를 결정하기도 한다고 토로한다.반복되는 소년 범죄의 사회적 원인을 파악하려는 노력은 보이지 않는다. 손가락질하기에 앞서 아이들이 각각의 가정과 학교에서 어떤 대우를 받았는지부터 되짚어 봐야 한다. 이런 과정 조차없이 모든 것을 아이들 탓으로 돌려 책임을 지우는 방식이 과연 옳은 방법인지 묻고 싶다.무조건 소년범들의 잘못을 감싸자는 이야기가 아니다. 성숙한 논의가 가능하다면 촉법소년의 연령에 대해 다시 고민해 볼 필요도 있다고 본다. 다만 어른들이 엄벌주의를 외치기에 앞서 우리 사회가 아이들에게 반성하고 돌아올 기회를 주고 있는지 생각해 봤으면 한다. “죗값을 치러야 한다”는 핏대 서린 목소리 뒤로 어른들의 무책임이 가려진 건 아닌지 고민해 볼 때다.	",0
2021.09.28. 오전 5:06,22,[오늘의 서울 톡],"용산 ‘다문화 요리 대회’ 선착순 모집  용산구가 용산구건강가정·다문화가족지원센터 주관으로 다음 달 16~17일 열리는 ‘제11회 다문화 요리 경연대회’에 참가할 다문화 가족 30팀을 선착순 모집한다. 지난해에 이어 이번 대회 역시 비대면 온라인 방식으로 개최한다. 센터에서 참가자 집에 이번 대회의 주재료인 꽃게를 배송하면 가족과 함께 집에서 음식을 만들고 요리 진행 과정 영상(2분)과 완성 사진을 센터로 제출하면 된다. 다음 달 22~23일 인스타그램에 각 팀의 요리 영상을 게시한 뒤 ‘좋아요’ 수를 고려해 1~3등을 뽑을 예정이다.마포 매력 찾는 ‘SNS 콘텐츠 공모전’마포구가 지역의 다양한 매력을 발굴하고 이를 공유하기 위해 11월 5일까지 ‘제5회 마포구 SNS 콘텐츠 공모전’을 연다. 이번 공모전의 주제는 ‘my 2021, mapo를 담다, mapo를 닮다’이다. 마포구가 펼친 다양한 행정 서비스에 대한 경험부터 미담 사례, 마포의 명소나 맛집 등 마포와 관련된 순수 창작 콘텐츠를 개인 SNS(블로그, 페이스북, 인스타그램, 유튜브 등)에 해시태그(#마포구SNS콘텐츠공모전, #마포구)를 달아 게시하면 된다. 마포구에 관심있는 사람이라면 누구나 참여할 수 있다.동대문, 지역 빛낸 14명 ‘구민상’ 시상동대문구가 지난 24일 구청에서 제30회 동대문구 구민상 시상식을 개최했다. 이날 시상식에서는 올해의 구민상 수상자로 선정된 14명에 대한 시상이 진행됐다. 올해의 동대문구민상 수상자(단체)는 ▲자랑스러운 구민상(대상 전농2동 마을행사 추진위원회, 금상 홍태철) ▲어버이상(대상 신서연, 금상 임원평) ▲효행상(대상 이은주, 금상 이승선) ▲봉사상(대상 홍승원, 금상 백현옥) ▲모범 청소년상(대상 손다영, 금상 이수연) ▲장애인상(대상 전선옥, 금상 김병택) ▲다문화가족상(대상 전현희, 금상 쟝린징)이다.‘종로 별별 놀이터 교실’ 새달 시작종로구는 어린이 친구들과 전래놀이를 즐기며 정서적으로 교감하고 건강하게 성장할 수 있도록 ‘2021년 종로 별별 놀이터 교실’을 운영한다. 교실은 10월 6일부터 11월 27일까지 혜명아이들놀이터와 세종마을어린이놀이터 두 곳에서 열린다. 매주 1회씩 총 4주간에 걸쳐 1·2기 기수별로 진행할 예정이다. 사방치기, 비석치기, 무궁화 꽃이 피었습니다 등 다양한 전래놀이를 체험할 수 있다. 교육은 종로마을교사와 학부모전래놀이강사들이 이끈다. 대상은 관내 거주 8세에서 10세 어린이다. 신청은 종로교육포털에서 하면 된다.",0
2021.09.28. 오전 5:06,23,12~17세·임신부 백신 새달 18일부터 접종,"화이자·모더나 접종간격 4~5주로 단축코로나19 백신 예방접종센터에서 한 시민이 화이자 백신을 접종 받고 있다.(기사와 직접적 관련 없음) 2021.8.23 뉴스112∼17세 소아·청소년과 임신부를 대상으로 한 코로나19 백신 접종과 60세 이상 고령층과 의료진 등 고위험군에 대한 추가 접종(부스터샷)이 각각 다음달부터 시작된다.코로나19 예방접종대응추진단이 27일 발표한 4분기 접종 세부계획에 따르면 우선 12∼17세 소아·청소년 277만명은 다음달 18일부터 3주 간격으로 화이자 백신을 접종한다. 임신부 13만명은 화이자 혹은 모더나 백신으로 접종이 가능하다. 다만 접종필요성을 적극 안내하되 자율접종을 원칙으로 하기로 했다.60세 이상 고령층, 특히 75세 이상 어르신 및 노인시설의 이용·입소자와 종사자가 10월 25일부터 추가 접종을 한다. 코로나19 치료병원 종사자는 10월 12일부터 자체적으로 추가 접종을 실시하며 요양병원·요양시설 입원·입소·종사자와 병원급 이상 의료기관 종사자는 각각 11월 10일과 15일부터 추가 접종한다. 추가 접종은 화이자나 모더나 백신으로 진행되며 12월까지 약 369만명이 접종할 것으로 추산된다.정부는 이와 함께 메신저 리보핵산(mRNA) 계열 화이자·모더나 백신의 접종 간격을 현행 6주에서 4∼5주로 단축해 접종 속도를 더 끌어올릴 계획이다. 정은경 질병관리청장은 “단계적 일상 회복으로의 전환을 준비할 수 있도록 예방접종에 적극적으로 참여해 달라”고 당부했다.",90
2021.09.28. 오전 5:02,24,아동학대 업무는 처음이라… 모호한 기준에 더 힘든 담당자,"인력 턱없이 부족한데, 야간·공휴일 출동 부지기수“정부, 현실적인 출동 지침과 학대 판단 기준 마련해야”정치하는엄마들, 민주사회를 위한 변호사모임 아동인권위원회 등 4개 단체 활동가들이 지난 5월20일 국회 앞에서 ‘청주 중학생 동반사망 사건 진상조사 촉구 기자회견’을 열어 아동학대 진상조사 특별법의 필요성과 아동학대 진상조사 특별법 통과 촉구 발언을 하고 있다. 김혜윤 기자 unique@hani.co.kr민간기관인 아동보호전문기관에서 수행하던 아동학대 조사 업무를 다음달부터는 시·군·구청 공무원이 맡게 된다. 이런 ‘아동학대조사 공공화’ 정책은 인천 지역에서 6개월 먼저 시행돼, 지난 2일과 6일 인천시 부평구청 아동보호팀과 함께하면서 실제 업무와 활동을 살펴봤다. 새로운 업무는 밤낮을 가리지 않고 쏟아졌지만 인력은 부족했고, 민감한 가정사·사생활과 관련된 아동인권 업무가 주는 무게가 만만치 않았다. 무엇보다도 명확한 판단 기준이 없어 힘들다는 반응이 많았다. 업무 특성상 취재 내용을 상세하게 담기에는 한계가 있었다. 조사자는 팀 업무 총괄인 김윤희 팀장으로 일원화했다.9월2일 오후 3시 인천시 부평구청 아동보호팀 사무실. 경찰의 동행출동을 알리는 전화 한통에 아동학대 전담공무원들의 움직임이 분주해지기 시작했다. 전담공무원 2명과 김윤희 팀장이 서류 등 가방을 챙겨 서둘러 사무실을 나섰다. 이들이 방문할 곳은 아동학대 의심 신고가 들어온 한 가정이었다. 전날 부평구 한 동주민센터에 ‘주민등록번호가 없는 9살 어린이가 치과 진료를 받고 갔다’는 신고가 접수된 것이다. 출동팀을 따라나서려 하자 김 팀장이 “여기까지”라며 동행취재에 선을 그었다. “민감한 개인 생활이 노출될 수밖에 없는 현장을 법에서 정한 이가 아닌 제3자가 동행하는 것은 바람직하지 않다”는 설명에 물러설 수밖에 없었다.출동팀은 퇴근 시간 무렵에야 복귀했다. “ㄱ씨는 9살 자녀와 친정에서 살고 있었다. 이 어린이는 초등학교 2학년 나이지만, 출생신고가 되지 않아 초등학교에 입학할 수 없었고, 또래보다 많은 부분에서 발달이 늦은 것으로 보였다.” 김 팀장은 ㄱ씨 가족이 ‘그동안 출생신고를 몇번 시도했지만, 가족관계 등 복잡한 사정이 있어서 하지 못했다’고 털어놨다고 전했다. 담당 공무원은 ‘신체적·정서적 학대와는 거리가 있는 것으로 보이지만, 교육적 방임 등에 대해 더 조사할 필요가 있다’는 내용의 보고서를 작성했다.이날 현장에는 조사를 꺼리는 분위기가 감지되는 등 위험도가 있다고 판단돼 경찰도 동행했다. 김 팀장은 “이 어린이의 호적 관계 정리와 경제적 지원을 위해 복귀하는 길에 동주민센터에 들러 복지팀에 사례 관리를 하도록 연계해주고 왔다”고 말했다.현장 경험 쌓이지만, 학대 판단 고심도 깊어진다4월1일 본격적으로 업무를 시작한 부평구 아동보호팀은 업무 시작 12일 만에 발생한 ‘모텔살이 생후 2개월 아동 학대 사건’으로 진땀을 뺐다. 밤 11시30분께 모텔 객실에서 아버지(27)가 생후 2개월 된 딸을 나무탁자에 집어 던져 머리 등을 심하게 다치게 한 사건으로, 아동보호팀 신설 이후 첫 야간 출동이 이뤄졌단다. 이튿날 새벽 1시 당직 전담공무원은 “학대 의심 신고가 들어왔다”는 경찰 전화를 받고 병원 응급실로 달려갔다. 사건의 실체를 전혀 모르는 상황에서 경찰이 가해자인 아버지만 체포해 갔고, 19개월 된 피해아동의 오빠만 덩그러니 남겨졌단다. 피해아동의 어머니는 사건 발생 일주일 전 사기 혐의로 수감돼 이들 곁에 없었다.김 팀장은 “큰아이를 임시로 맡아줄 보호시설 찾고, 인계하는 데 꼬박 8시간이 걸렸다”며 “보호시설에 입소하려면 코로나19 검사와 건강검사를 받아야 한다. 보호자가 없는 상태다 보니 피해아동의 수술과 입원 등의 서류 등을 대리 작성하는 것도 우리 몫이었다. 또 세간의 주목을 받게 돼 많이 당황했다”고 말했다.6개월 가까이 현장조사 경험이 쌓이면서 업무는 익숙해졌지만 아동 분리, 친권 제한 등 강제력을 행사할 때 고심은 더욱 깊어졌다. 뚜렷한 신체적 학대가 드러나는 경우가 아니면, 학대로 판단하기 쉽지 않기 때문이다. 훈육 판단 기준이 모호하고, 생활 여건 및 가족관계 등 변수도 다양하다.“자녀 4명을 둔 어머니가 술에 취하면 첫째 아이에게 폭력을 행사해 가정폭력으로도 몇차례 경찰에 신고된 가정이었다. 법원에 가해 행위자인 엄마의 분리와 임시 접근금지를 요청했는데 기각됐다.”김 팀장은 지난 6월 경찰에 수사의뢰한 아동학대 및 방임 신고 사건을 소개하며 이같이 말했다. 이후 아동보호팀은 팀원 전원이 모여 사례 판단 회의를 열고 토론을 거쳐 최종 학대 여부를 판단한다고 한다.지원자 없는 전담공무원…불규칙한 생활사회복지직 공무원에겐 아동보호팀이 기피 부서 ‘0순위’로 꼽힌다. 아동학대 조사 자체가 낯설고 어려운데다, 업무시간도 불규칙하기 때문이다. 아동학대 신고가 주야를 가리지 않는데다, 조사 일정과 장소도 학대 행위자나 피해아동 일정에 맞춰야 한다.“일과 가정의 분리가 안 된다. 지난 6월 운전면허가 없는 한 팀원이 새벽 시간대 가족의 도움으로 현장에 갔다. 타고 간 개인 차를 이용해서 청소년을 임시쉼터로 인계하려는데, 이 청소년이 차에서 갑자기 문을 열고 도주하는 일도 있었다. 다행히 사고가 없었지만, 하마터면 큰 사고로 이어질 뻔했다. 가족들이 밤잠을 설치는 경우가 부지기수다.”보건복지부는 연간 아동학대 의심 신고 50건당 전담공무원 1명 배치를 권고하지만, 현실은 이에 못 미치고 있다. 지난해 부평구 아동학대 의심 신고 건수는 500건을 넘겼지만, 전담공무원은 6명에 불과하다. 2인1조 3개 조로 운영하는데, 신고 사건 모두 출동하기에는 일손이 부족하다. 야간 출동이 많았던 한 직원은 최근 건강 상태가 좋지 않아 병가 중이다. 올해 4~8월에는 아동학대 의심 신고 163건이 접수됐다. 한달 평균 32.6건으로, 전담공무원 1명당 한달에 5~6건을 조사하고 있는 셈이다. 163건 가운데 93건은 학대로 판단해 아동보호전문기관에 이관했다.이 기간 전화상담 건수는 1864건에 달했다. 이 외에도 피해아동 응급조치, 보호조치, 심리치료 등의 업무도 해야 한다. 김 팀장은 “어린이집의 아동학대 의심 신고 건의 경우, 수사기관이 아니어서 폐회로텔레비전(CCTV) 분석에도 상당한 시간이 걸린다. 두달 안에 사례 판단을 해야 하는데, 4월에 신고 접수 건 중 아직 못 끝낸 건도 있다. 조사가 길어지면, 학대 의심 행위자나 피해자, 종사자 모두 고통의 시간일 수밖에 없다”고 말했다.동행출동 당연하지만…현실 반영한 기준 마련해야경찰은 아동학대 의심 신고가 접수되면 동행출동을 요청해 오지만, 전담공무원 실제 동행출동 횟수는 많지 않은 편이다. 한달 평균 신고 건수 32.75건 가운데 5건가량이다.김 팀장은 “동행출동을 요청할 때 구체적인 상황 설명 없이 ‘부부싸움 하는 것 같은데, 아이가 울고 있대요’, ‘가출 청소년인데, 청소년 쉼터로 보내달라고 한다’고 말하는데, 부족한 인력으로 전부 처리하는 데 한계가 있다”며 “경찰과 일정 부분 동행출동 기준을 정하고, 유기적으로 소통하는 것이 중요하다”고 말했다.전담공무원 인력 부족은 인천 지역 다른 군·구도 다르지 않다. 인천시 전담공무원 배치 현황을 보면, 8월 말 기준 10개 군·구에 모두 44명이 배치됐다. 동구·강화군은 1명만 배치돼 2인1조 운영도 어려운 실정이다. 지난해 인천 지역에선 3274건의 아동학대 의심 신고가 접수됐다. 인천시는 내년에 전담공무원 27명을 증원해달라고 복지부에 요청해둔 상태다. 시 관계자는 “인력 충원과 즉각 분리 증가에 따른 임시보호시설 확충도 필요하다”며 “현재 2곳의 보호시설이 올 연말이면 4곳으로 늘어난다”고 말했다.",5
2021.09.28. 오전 4:35,25,"“이승만·박정희·전두환 여러 나쁜짓” 역사박물관, 보수정권 대통령 비판","장애 청소년용 역사 책자에 기술							문화체육관광부 산하 대한민국역사박물관이 발달 장애 청소년들의 역사 교육을 위해 제작한 현대사 책자에 이승만·박정희·박근혜 전 대통령 등 보수 정권 대통령에 대한 부정적 내용을 일방 기술한 것으로 27일 확인됐다.국회 문화체육관광위원회 소속 국민의힘 김승수 의원실이 역사박물관의 ‘첫걸음 현대사 1권-대한민국의 민주주의’ 내용을 분석한 결과, 보수 정권 대통령에 대한 부정적인 묘사가 다수 담겨 있었다. 올해 1월 공개된 이 책자는 대한민국 건국부터 현대 민주주의까지를 다루고 있다.책자에는 “옛날에 어떤 대통령들은 법을 지키지 않았습니다. 이승만, 박정희, 전두환입니다. 세 명의 대통령은 헌법을 마음대로 바꾸고 여러 가지 나쁜 짓을 했습니다”(50~51p)라는 서술이 나온다. “박정희가 대통령을 하는 동안 우리나라는 민주주의 나라가 아니었습니다. 사람들은 우리나라의 주인이 될 수 없었다”(135p)라는 문장도 실렸다. 이들의 공적에 대한 언급은 없었다.박근혜 전 대통령에 대해서는 “2016년에 사람들은 박근혜 대통령을 쫓아내려고 했습니다. 박근혜 대통령은 법을 어기고 사람들을 속였습니다”(193p)라고 썼다. “2016년에 대통령이 제대로 나라의 일을 하지 않았습니다”(215p)라고 서술했다. 한편, 김대중·노무현 전 대통령이나 문재인 대통령에 대해서는 구체적 서술 없이 당선 사실만을 적었다.이 책자의 감수자는 김정인 춘천교대 사회과교육과 교수로 참여연대 운영위원장을 지냈다. 문체부는 ‘대한민국의 태동’ 등을 주제로 이 같은 특수교육용 역사 책자 2권을 추가로 만들기 위해 지난 7월 제작 용역을 발주한 상태다. 김 의원은 “올바른 역사 정보를 제공해야 할 의무가 있는 역사박물관이 이 같은 정치 편향적 내용을 담은 책자를 만드는 것은 대단히 위험한 발상”이라고 했다.앞서 역사박물관은 지난 2019년에는 자원봉사자용 교육 자료에 6·25전쟁 당시 북한군의 남침에 의한 피해 현황을 다루지 않거나 북한군을 훈련된 닌자, 국군을 부랑자로 표현해 논란이 일었다. 지난해에는 근현대사 상설 전시에서 연평해전·천안함 피격 사건 등을 ‘서해에서 일어난 일련의 군사적 충돌’로 뭉뚱그려 표현하기도 했다.",37
2021.09.28. 오전 4:30,26,"[Q&A] ""소아·청소년의 백신 접종 이득은 '안정적 등교'""","고3 접종 데이터 있어 소아·청소년에게 2회 접종임신부, 감염 위험은 비슷하나 중증 진행은 6배정은경 질병관리청장이 27일 충북 청주시 오송읍 질병청 브리핑실에서 코로나19 4분기 접종계획 및 소아청소년 접종 관련 전문가 초청 브리핑을 하고 있다. 왼쪽부터 김여향 칠곡경북대병원 소아심장과 교수, 최은하 예방접종전문위원회 위원장(서울대 어린이병원 소아청소년과 교수), 정 청장, 이상수 교육부 학교혁신지원실장. 청주=뉴스1질병관리청이 27일 공개한 '코로나19 백신 4분기 접종 시행계획'은 2월 시작된 올 한 해 우리나라 백신 접종 대장정의 마무리라 할 수 있다.  그간 접종 대상에서 제외되어 있던 소아·청소년과 임신부는 물론, 취약층과 필수인력에 대한 추가 접종(부스터 샷) 계획 등이 모두 포함돼 있다. 건장한 성인이 아닌 이들에 대한 백신 접종이라 우려도 따른다. 질병청은 이날 정은경 청장, 최은화 예방접종전문위원장(서울대 어린이병원 소아청소년과 교수), 김여향 칠곡경북대병원 소아심장과 교수, 이상수 교육부 학교혁신지원실장 등이 참석한 가운데 4분기 접종 계획에 대한 국민들의 질문에 답변하는 시간을 가졌다. -코로나19 치명률이 낮은 소아·청소년이 접종으로 얻을 수 있는 이득은 무엇인가.""기저질환이 없는, 건강한 다수의 소아·청소년은 접종으로 인한 개인적 이득이 크지는 않다. 하지만 접종을 통해 코로나19 전파 기회를 줄일 수 있다. 학생들이 주로 생활하는  학교나 학원에서 유행을 감소시킬 수 있다. 안정적 등교수업에 도움이 될 것으로 전망한다. 백신 접종을 한 16~18세의 접종 효과를 보면 중증과 사망 예방 효과는 100%였고,  감염 예방 효과도 95.8%였다.""-소아·청소년 접종자에게서 예상되는 이상반응이 있나.""전 연령층에서 발생할 수 있는 이상반응과 거의 유사하다. 접종 부위 통증, 오한과 발열, 두통, 근육통, 관절통 등이 일반적이다. 중대 이상반응으로는 아나필락시스 같은 알레르기 반응 또는 가슴 통증이나 두근거림, 심할 경우 호흡 곤란이나 실신 등으로 나타나는 심근염과 심낭염이 있다.""-소아·청소년의 경우,  심근염과 심낭염은 얼마나 발생했나.""고3 수험생, 즉 16~18세 접종자 86만 명 중 심낭염과 심근염을 신고한 경우는 모두 26명이었다. 이 가운데 심근염, 심낭염 사례로 인정받은 15명 중 5명은 외래 치료로, 10명은 입원 치료로 회복됐다. 미국에서도 12~15세 1차 접종 후 심근염·심낭염 발생 위험이 100만 명당 2.6명, 2차 접종 후엔 100만 명당 20.9명이 발생했다. 16~17세의 경우 1차 접종 후에는 2.5명, 2차 접종 후엔 34명 정도 비율이 나왔다. 이들 대부분은 회복했다.""24일 오후 서울 시내 한 중학교에서 학생들이 수업을 마친 후 교문을 빠져나가고 있다. 뉴스1-영국은 12~15세 대상으로 1회 접종을 권했다. 우리는 2회 접종하는 이유는.""소아·청소년에 대한 코로나19 위험은 전반적으로 낮다. 하지만 위험이 아예 없는 건 아니다. 7월부터 소아·청소년 확진자가 급증하고 있고 소아·청소년 확진자 중  위중증 환자로 악화한 경우는 10만 명당 25명인 0.03% 수준이다. 영국은 고위험군 대상을 가능한 한 넓게 잡아 고위험군에겐 2회 접종을,  12~15세에게는 1회 접종을 권장했다. 우리는 고3 접종 경험을 토대로 '성인과 동일한 용량의 2회 접종'을 권고했다.""-다른 나라의 소아·청소년 접종은 어떤 상황인가.""미국은 12~15세 2차 접종 완료자가 41.8%, 16~17세는 50% 수준이다.  독일은 12~17세의 31.4%가  완료했다. 영국은 12~17세 1차가 90만 명,  2차는 20만 명 정도로 보고되어 있다.  이스라엘은 12세 이상 모든 청소년 접종을 가장 먼저 시작했고, 지금은 5~11세 고위험군 확대를 검토하는 중이다.""-소아 당뇨 같은 기저질환이 있는 경우 접종해야 하나.""접종을 권고한다. 제1형 당뇨, 비만 등 내분기계 질환이 있거나 심혈관, 만성호흡기 질환, 신경계 질환을 가진 소아·청소년의 경우, 코로나19에 감염되면 중증 진행과 사망 위험이 높은 것으로 알려져 있다.""-소아·청소년 가운데 백신 접종을 피해야 하는 경우는?""접촉 등을 통해 코로나19 감염이 의심되거나, 확진된 경우에는 접종을 연기해야 한다. 발열 등 급성 증상이 있는 경우,  1차 접종 뒤  심근염이나 심낭염이 나타난 경우에도 접종을 미루는 게 좋다.""-임신부는 감염 위험이 더 높은가.""그렇진 않다. 임신부는 같은 연령대 여성에 비해 발생은 낮다. 하지만 감염 시 위중증으로 진행하는 비율은  6배나 된다. 외국 사례를 봐도 임신부는 같은 연령대 여성에 비해 중환자실 입원·사망률이 높을 뿐 아니라 조산이나  저체중 분만 등의 어려움을 겪는 것으로 확인됐다. 호주, 영국, 일본 등에서도 35세 이상 임신부를 고위험군으로 분류해 접종을 적극 권고했다.""-임신부가 백신을 접종하면 기형아 출산이나 조산 위험은 없나.""미국과 이스라엘 사례 분석 결과 예방접종 후 이상반응 발생 빈도는 임신부와 비임신부가 비슷했다. 조산이나 유산, 기형아 발생률도 접종자와 비접종자 간 차이가 없었다. 이스라엘에서는 화이자 접종 완료 뒤 4주가 지난 임신부의 경우 감염위험이 78%나 줄어드는 것으로 나타났다.""",12
2021.09.28. 오전 4:30,27,[사설] 소아·청소년 접종 높이려면 불안감 달래는 게 우선,"정은경(오른쪽) 질병관리청장이 27일 충북 청주시 질병관리청에서 열린 코로나19 소아·청소년 접종 관련 전문가 초청 설명회에서 백신 수급 상황 등과 관련한 취재진의 질문에 답변하고 있다. 청주=연합뉴스 정부가 12~17세 소아ㆍ청소년과 임신부에게 백신을 접종하는 것을 골자로 한 ‘4분기 백신 접종 계획’을 27일 발표했다. 백신 사각지대에 있던 이들에 대한 접종 완료는 ‘위드 코로나(단계적 일상회복)’를 위한 마지막 디딤돌과 다름없다. 정부는 10월과 11월 중 2차 접종이 예정된 이들의 백신 접종 간격도 기존 6주에서 4~5주로 단축하고, 60세 이상 고령층ㆍ면역저하자들에게  추가 접종(부스터샷)도 하기로 했다. 델타변이, 돌파감염 발생 등으로 고위험군에 대한 보호 필요성이 높아져서다. 하루 100만 명 이상 접종할 수 있는 인프라를 갖춘 만큼 국민들의 협조만 이뤄진다면 정부가 다음 달로 계획하고 있는 성인 접종률 80% 달성도 가능할 것으로 보인다.당국의 과제는 접종 권고 대상인 소아ㆍ청소년들의 불안감을 어떻게 달래주고, 500만 명이 넘는 미접종자들의 접종률을 끌어올리느냐다. 12~17세의 경우 감염되더라도 중증으로 진행될 가능성이 낮아  접종 대상에서 제외됐지만 감염 시 격리로 인한 교육 기회의 감소 등을 감안해 자율접종 대상에 포함시켰다. 미국, 일본 등에서도 청소년 접종의 효과ㆍ안전성이 확인되고 있고 최근 확진자의 90% 가까이가 백신 미접종자에게서 나오는 만큼 백신의 효과는 의심의 여지가 없다. 학부모ㆍ학생들에 대해 충분히 정보를 제공해 소아ㆍ청소년의 백신 접종률을 최대한 높일 필요가 있다. 접종 완료자에 대한 인센티브 확대 등으로 미접종자들의 접종률을 높이는데도 최선을 다해야 한다.추석 연휴 이후 한때 하루 신규 확진자가 3,000명을 넘어서는 등 코로나 확산세는 꺾이지 않고 있다. 사회적 거리 두기의 효과마저 떨어지고 있는 상황에서 의지할 곳은 백신밖에 없다. 위중증률ㆍ치명률 위주로 방역체계를 전환하기 위해서도 높은 백신 접종률은 필수다. 당국의 빈틈없는 접종 관리와 국민들의 자발적 협조가 필요하다.",0
2021.09.28. 오전 4:30,28,"위드 코로나 향한 마지막 질주… 2차 접종 간격 1, 2주씩 당겨 맞힌다","청소년·임산부 백신 접종 10월부터 시작 델타 변이 등 감안, 부스터샷 접종도 시작화이자·모더나 접종 간격도 3·4주로 단축4분기부터 12~17세 소아청소년에 대한 코로나19 백신 접종이 시작된다. 24일 오후 서울 시내 한 중학교에서 학생들이 수업을 마친 후 교문을 빠져나가고 있다. 뉴스1다음 달 18일 고1, 고2(16~17세)를 시작으로 12~17세 소아·청소년 신종 코로나바이러스 감염증(코로나19) 백신 접종이 시작된다. 임신부도 같은 날 백신 접종이 시작된다.정은경 질병관리청장은 27일 충북 오송 질병관리청에서 열린 정례브리핑에서 이같은 내용의 ‘코로나19 예방접종 4분기 시행계획’을 밝혔다. 정 청장은 소아청소년 백신 접종을 시행하는 배경에 대해 “소아·청소년은 코로나19로 인한 중증·사망위험은 높지 않지만, 감염 시 드물게 합병증이 발생할 수 있고, 등교제한, 격리조치 등으로 인한 교육 기회의 감소, 심리적 위축 등 정신건강과 사회적 측면에서 심각한 영향을 받고 있다”고 말했다.소아·청소년, 화이자 성인 분량으로 1·2차 접종시행계획에 따르면 277만 명의 12~17세 소아·청소년은 화이자 백신을 3주 간격으로 두 번 맞는다. 다만 이들은 백신 접종 이득이 부작용 위험보다 압도적으로 크지 않기 때문에 소아·청소년 본인과 부모의 희망에 따라 자율적으로 접종받을 수 있다.2004·2005년생인 고등학교 1, 2학년은 다음 달 5일부터 29일까지 사전예약을 거쳐 다음 달 18일부터 11월 13일까지 접종을 진행한다. 2006~2009년생인 초등 6학년부터 중학교 3학년은 다음 달 18일부터 11월 12일 사전예약을 거쳐 11월 1~27일 접종을 시행한다. 다음 달 18일부터 본인 명의 휴대폰 소지자는 잔여 백신 접종도 가능하다.지금까지 백신접종 계획에서 제외됐던 13만6,000명의 임신부도 다음 달 8일부터 사전예약 후 같은 달 18일부터 화이자나 모더나 백신으로 접종을 시작한다. 화이자는 3주, 모더나는 4주 간격으로 접종한다.27일 서울 서대문구 북아현문화체육센터에 마련된 신종 코로나바이러스 감염증(코로나19) 백신 예방접종센터에서 예방접종이 진행되고 있다. 뉴스1고령층, 의료기관 종사자 등은 부스터샷코로나19로부터 고위험군 보호를 강화하기 위한 추가 접종(부스터샷)도 단계별로 시행된다. 다음 달부터는 1단계로 면역저하자, 60세 이상 고령층, 병원급 이상 의료기관 종사자, 요양병원과 시설 등 감염취약시설부터 우선 접종이 시작되고 12월부터는 사회필수인력을 포함한 일반국민 세부 접종방안을 마련하기로 했다.추가 접종은 모두 화이자나 모더나 같은 mRNA 백신으로 시행하고, 기본접종 완료 6개월 이후부터 가능하다. 단 면역저하자는 기본접종 완료 2개월 이후부터 추가 접종이 가능하다. 접종 시기는 각각 △면역저하자 11월 1일 △코로나19 치료병원종사자 10월 12~30일 △요양병원·시설 입원·입소자·종사자 11월 10일 △병원급 이상 의료기관 11월 15일 △75세 이상 고령층 10월 중순 △60~74세 내년 2월 초다.10월 11일 이후 2차 접종자, 접종간격 1~2주 당긴다한편 현재 45% 수준인 백신 접종 완료율을 빠르게 끌어올리기 위해 18~49세 2차 접종 일정도 1~2주 당겨진다. 질병청은 18~49세 접종 대상자 가운데 다음 달 11일부터 2차 접종을 앞둔 대상자 1,072만 명의 접종 간격을 1~2주 일괄적으로 당긴다고 밝혔다.기존 10월 둘째 주~11월 첫째 주 접종 예약자는 1주 앞으로, 11월 둘째 주 접종자는 2주 앞으로 당겨진다. 이를 통해 기존 6주였던 접종 간격이 각각 5주, 4주로 단축된다. 접종 기간은 동일 의료기관, 동일 요일로의 조정을 원칙으로 시스템을 통해 일괄 조정 후 28일 개별 문자메시지로 통보된다. 정 청장은 “4분기 접종계획을 통해 10월 말까지 60세 이상의 90%, 18세 이상 성인의 80% 접종완료를 달성해 의료대응 체계를 보호하고 단계적 일상회복으로의 이행을 준비할 수 있을 것""이라고 말했다.코로나19 예방접종 4분기 시행 일정. 그래픽=박구원 기자",72
2021.09.28. 오전 4:09,29,“만성 질환 청소년 적극 접종… 건강하면 신중히”,"전문가들 “편익이 위험보다 크다낮은 연령 중증·사망 위험 안 높아”교육부, 접종시 최대 3일 출석 인정지난달 10일 오전 개학한 서울 시내 한 고등학교에서 3학년 학생들이 등교하고 있다. 연합뉴스4분기부터 시작되는 소아·청소년 코로나19 백신 접종을 대할 때 첫째로 고려할 사항은 기저질환 유무다. 당뇨나 비만 등 만성 질환을 앓는 소아·청소년은 백신을 적극적으로 맞을 것이 권고된다. 이들은 접종의 잠재적 편익이 위험을 크게 웃돈다.건강한 소아·청소년은 보다 신중하게 접근해야 한다. 코로나19를 심하게 앓을 확률이 상대적으로 낮아서다. 또 심근염 등 접종 후에 드물게 나타나는 이상 반응, 아직 미지의 영역으로 남아 있는 장기적 영향도 무시하기 어렵다. 단 확진될 시에 불가피한 학습권 침해 등도 함께 고려해 결정하는 편이 좋다.질병관리청이 27일 개최한 소아·청소년 접종 관련 설명회에 초청된 최은화 예방접종전문위원회 위원장은 “소아·청소년에서 코로나19로 인한 중증·사망 위험은 크지 않다”면서도 “드물게 합병증이 발생할 수 있고 등교 제한과 격리로 인한 교육 기회 감소, 심리적 위축 등 측면에서 심각한 영향을 받는다”고 말했다.심근염·심낭염 우려와 관련해선 통계적 근거가 강조됐다. 지난 12일까지 만 20세 미만 접종자 86만명 중 15건의 사례가 발생했으나 5명은 통원 치료로, 10명은 입원 치료를 받은 끝에 모두 회복했다는 것이다.전문가들은 접종 여부를 결정할 때 뿐만 아니라 이상 반응 관찰 시에도 보호자의 역할이 중요하다고 설명했다. 김여향 대한소아심장학회 사회협력이사는 “발달장애 또는 기계 의존 상태의 청소년은 자기 증상을 표현하기 어려울 수 있다”며 “안내문을 통해 예상되는 증상을 숙지하고 접종 후 이틀 정도는 주의 깊게 관찰해달라”고 당부했다.교육부는 백신을 접종한 학생이 이상 반응을 겪으면 접종 당일을 포함해 최대 3일까지 결석·조퇴를 해도 출석으로 인정할 계획이다. 4일째부터는 의사 진단서(소견서)를 학교에 제출해야 질병 사유로 인한 출결로 처리된다.중간·기말고사 등 평가 땐 출석 인정 기준이 다르게 적용된다. 평가 기간에 백신을 접종한 후에는 1~2일째라도 출석 인정을 위해 의사 진단서를 첨부해야 한다. 접종 때문에 시험을 못 치르면 각 시도교육청과 학교의 출결처리 방식에 따른 인정점을 부여받는다. 전후에 실시한 시험 성적을 일정 비율로 환산해 점수로 인정해주는 식이다.아울러 미접종 아동·청소년이 불이익을 당하거나 접종을 강요받지 않도록 한다. 이상수 교육부 학교혁신지원실장은 “접종 여부를 사후에 조사한다거나 접종 학생에게 특혜를 주는 등 차별적 조치가 없게 시·도 교육청과 학교에 안내했다”고 밝혔다.	",0
2021.09.28. 오전 4:09,30,중·고생들 “대리입금 문제 심각”,"경기도 설문조사서 66% 답해친구·유튜브·페이스북 통해 알아경기도 소재 중·고등학생 3명 중 2명은 청소년 대상으로 성행하는 고금리 불법대출 행위인 ‘대리입금 문제’를 심각하게 인식하고 있는 것으로 나타났다.‘대리입금’은 청소년을 대상으로 사회관계망서비스(SNS)를 통해 아이돌 상품이나 게임 아이템 등을 구입할 돈을 빌려주고 수고비(이자) 등을 받는 행위를 말한다. 흔히들 줄임말로 ‘댈입’이라고 표현한다.경기도는 지난 8월 9일부터 9월 2일까지 경기도 소재 중학교 2학년부터 고등학교 2학년까지 재학생 3359명(남학생 1876명, 여학생 1483명)을 대상으로 진행한 ‘청소년 불법대출 관련 설문조사’ 결과를 27일 공개했다.설문조사 응답자의 66%는 청소년 대리입금 문제에 ‘심각하다’(매우 13%, 대체로 53%)고 답했다. 대리입금을 인지하고 있던 인원은 전체 21%(699명)였으며, 친구 등 주변 사람(31%) 혹은 유튜브(29%), 페이스북(26%), 트위터(24%) 등 SNS를 통해 대리입금을 알았다고 답했다.대리입금을 직접 이용한 적이 있는 인원은 15명(0.45%)으로, 남학생 6명과 여학생 9명이었다. 이들은 주로 연예인 굿즈(상품)나 콘서트 티켓을 구매(10명)를 위해 대리입금을 이용했다. 게임 아이템 결제, 스포츠 도박 사이트 이용 등의 사유도 있었다.이들은 1000원에서 10만원까지 다양한 금액을 빌렸다. 대리입금을 연체한 12명 중 3명은 대리입금 업자가 가족에게 연락하거나 개인정보를 빌미로 협박하는 등의 피해까지 본 것으로 조사됐다.도는 이번 조사 결과를 바탕으로 10월부터 도내 청소년 대상 소비자 교육을 실시할 예정이다.	",0
2021.09.28. 오전 4:06,31,"[사설] 정부, 청소년 백신 부작용도 책임져야 한다","		정부가 다음 달부터 만 12~17세 소아·청소년을 대상으로 한 코로나19 백신 접종을 시작한다고 27일 밝혔다. 그러나 기저질환이 없는 아이들의 경우 백신 접종의 이득이 부작용 위험보다 그리 크지 않아 접종을 할지 말지 현장의 혼란이 우려된다.정부는 코로나 확진자 중 소아·청소년의 비율이 상대적으로 높아지고 있으며, 이들도 예방접종을 통해 코로나로부터 보호받을 기회가 제공돼야 한다고 접종 이유를 설명했다. 청소년 접종이 방역에 기여하고, 격리·등교중지에 따른 학습권 침해나 심리적 위축이라는 부정적 영향에서 벗어날 수 있게 한다는 것이다. 특히 당뇨 비만 등 내분비질환, 호흡기질환, 심혈관질환 등 기저질환이 있으면 감염 시 중증 진행 및 사망 위험이 높기 때문에 접종에 따른 이익이 더 크다고 권고한다.문제는 대부분의 건강한 소아청소년이다. 코로나에 감염되더라도 무증상 또는 경증인 이들이 맞게 될 화이자 백신은 드물지만 심근염·심낭염 부작용을 일으킨다. 영국의 경우 건강한 12~15세는 접종을 원하더라도 1차에 그친다. 이런 이유로 일각에서는 아이들의 백신 접종을 서두르지 말고 장기적 영향에 대한 연구결과를 기다려야 한다고 지적한다.기저질환이 없는 청소년은 본인과 부모가 정확한 정보를 신중하게 검토한 후 접종 여부를 선택해야 한다. 자칫 이번 발표가 소아·청소년은 무조건 다 접종하라는 신호로 읽힐까 우려된다. 접종을 반강제 했다가 부작용이 생긴다면 그 책임은 누가 진다는 말인가. 성인에 비해 표현이 서투른 아이들은 백신 부작용이 나타났어도 이를 신속하게 판단해 적절한 응급처치를 하지 못할 수도 있다. 더구나 학교에서 접종 여부를 조사하거나 이에 따른 편 가르기나 차별이 이뤄진다면 안 맞은 아이들은 심리적으로 위축될 수도 있다. 정부는 사전 예약 시작 전에 청소년 백신 접종의 이득과 부작용을 보다 상세히 설명해 강제성이 있는 건 아님을 확실히 고지해야 할 것이다. 또 아이들에게 백신 부작용이 나타났을 경우 입증 책임을 개인에게만 떠넘길 게 아니라 정부가 책임진다는 자세로 임해야 할 것이다.	",0
2021.09.28. 오전 4:03,32,16∼17세·임신부 내달 18일부터 접종… 1·2차 간격 4∼5주로 단축,"사전예약은 다음 달 5·8일부터12∼15세 접종은 11월에 진행키로부스터샷, 의료진·60세 이상부터정은경 질병관리청장(오른쪽)과 최은화 예방접종전문위원회 위원장이 27일 코로나19 백신 4분기 접종계획 브리핑 및 전문가 초청 설명회 장소로 이동하고 있다. 연합뉴스고교 1·2학년과 임신부의 코로나19 예방접종이 다음 달 18일부터 시작된다. 60세 이상 고령자의 부스터샷(추가접종)도 같은 달 시작된다. 정부는 접종완료율을 빨리 끌어올리기 위해 현재 mRNA(메신저 리보핵산) 백신의 접종 간격도 단축하기로 했다.코로나19 예방접종대응추진단은 만 12~17세 소아·청소년과 임신부의 예방접종, 고위험군의 부스터샷, 백신 접종 간격 조정을 담은 ‘코로나19 예방접종 4분기 시행계획’을 27일 발표했다. 4분기에는 그동안 접종대상에 포함되지 않았던 소아·청소년과 임신부의 접종이 시작된다. 소아·청소년의 경우 학사일정과 인플루엔자(독감) 예방접종 시기 등을 고려해 고교생과 초·중학생으로 대상군을 나눠 진행한다.접종이 가장 빠른 이들은 고교 1·2학년에 해당하는 만 16~17세(91만명)와 임신부(13만6000명)다. 만 16~17세는 다음 달 5~29일 사전예약을 하고, 같은 달 18일~11월 13일 접종한다. 임신부는 다음 달 8일부터 사전예약을 받아 18일부터 접종을 시작한다.초등학교 6학년부터 중학생에 해당하는 만 12~15세 소아·청소년(186만명)의 접종은 11월에 진행한다. 이들은 다음 달 18일~11월 12일 사전예약 후 11월 1~27일 접종을 한다. 소아·청소년은 화이자 백신을 3주 간격으로 맞고, 임신부는 화이자(3주)나 모더나(4주) 백신으로 접종한다.부스터샷은 60세 이상 고령자와 의료진 등 우선접종 대상자부터 1단계로 진행한다. 1단계 부스터샷 대상자는 모두 화이자 백신을 맞을 예정이다. 나머지 일반 국민에 대한 부스터샷은 12월 이후 시작된다. 1단계 부스터샷 대상자 중에서는 코로나19 치료병원 종사자가 가장 먼저 접종한다. 약 6만여명이 다음 달 12~30일 화이자 백신으로 3차 접종을 한다. 60세 이상 고령자 가운데 기본접종 후 6개월이 도래한 이들은 다음 달 5일부터 사전예약을 받아 같은 달 25일부터 접종을 진행한다.면역저하자는 다음 달 18일부터 사전예약을 받아 11월 1일부터 부스터샷을 맞는다. 이들은 기본 접종 2개월 후부터도 부스터샷을 맞을 수 있다. 요양병원·시설 입소자 및 종사자 50만명은 11월 10일부터 자체접종이나 방문접종을 시작한다. 병원급 이상 의료기관 종사자 34만명에 대한 부스터샷은 11월 15일부터 이뤄질 계획이다.mRNA 백신 접종 대상자의 2차 접종일은 기존보다 1~2주가량 단축된다. 다음 달 11일~11월 7일 2차 접종이 예정된 이들은 접종 간격이 6주에서 5주로 짧아진다. 11월 8일~14일 2차 접종 대상자는 6주에서 4주로 단축된다. 접종일은 질병관리청에서 일괄적으로 변경해 28일 문자로 안내할 예정이다. 만약 변경된 날짜에 접종이 어려우면 10월 1일부터 개인이 직접 사전예약시스템에서 날짜를 바꿀 수 있다. 신규 예약자는 백신의 원래 허가사항대로 화이자는 3주, 모더나 백신은 4주 간격으로 맞을 수 있다.	",23
2021.09.28. 오전 3:50,33,청소년 66% “불법대출 ‘댈입’ 문제 심각”,"경기도 중·고생 3359명 설문결과10대 겨냥 소액 빌려주고 고금리일부 “굿즈 구입 등에 써봤다” 응답금융이나 법률 지식이 취약한 청소년을 대상으로 게임 아이템 등을 살 돈을 빌려주고 수고비(이자)를 챙기는 이른바 ‘대리입금’이 사회문제로 떠올랐다. 페이스북·유튜브 등 사회관계망서비스(SNS)에서 성행하는 불법 고금리 대출행위로, ‘대신 입금하고 대가를 챙긴다’는 뜻이다. 청소년들은 이를 줄여 ‘댈입’이라고 부른다.  경기도는 도내 중·고교생 3명 중 2명이 대리입금 문제가 ‘심각하다’고 인식하는 것으로 나타났다고 27일 전했다. 도가 지난달 9일부터 이달 2일까지 도내 중학교 2학년부터 고등학교 2학년 재학생 3359명을 대상으로 ‘청소년 불법 대출’ 관련 설문을 진행한 결과다. 구체적으로는 ‘매우 심각하다’ 12%, ‘대체로 심각하다’ 54%였다. ‘심각하지 않다’는 의견은 34%였다.  대리입금은 통상 업자 등이 SNS를 통해 콘서트 관람권, 게임 아이템 등을 사고 싶어하는 청소년을 유인한 뒤 10만원 안팎의 소액을 단기간(2∼7일)에 초고금리로 빌려주는 행위를 일컫는다. 업자들은 연체료 대신 수고비, 지각비 등 청소년에게 친근한 용어를 사용하지만 연이자 환산 시 1000%에 이르는 막대한 이자를 받아 챙기고 협박 전화 등을 일삼는다.  설문에서 대리입금을 직접 이용했다는 청소년은 15명(0.45%)이었다. 이들은 연예인 기획 상품과 콘서트 티켓 구매, 게임 아이템 결제, 스포츠 도박 사이트 이용 등에 돈을 썼다고 답했다.  이용자 중 절반가량인 7명(2회 4명, 3회 1명, 5회 2명)은 대리입금을 다시 찾은 것으로 조사됐다. 이는 실제 사용자들이 대리입금에 대한 경각심이 낮기 때문으로 풀이된다.  응답자들은 지원 대책으로 불법 대리입금 업자 처벌 강화(41%), 피해 청소년 보호 지원(29%), 피해 구제를 위한 상담 지원(14%), 무기명 신고 안내(14%) 등을 꼽았다.",0
2021.09.28. 오전 3:02,34,[유(윤종)튜브]음악에 동방의 향취를 더하는 향료 ‘솔#’,"www.youtube.com/classicgam생상스는 오페라 ‘삼손과 델릴라’에서 동방의 음계를 이용해 이국의 정취를 효과적으로 표현했다. 뉴욕 메트로폴리탄 오페라가 2018년 공연한 ‘삼손과 델릴라’. 동아일보DB올해 서거 100주년을 맞은 프랑스 국민주의 음악의 대가 생상스는 생전 13편이나 되는 오페라를 썼다. 푸치니보다도 많은 숫자이지만 이 중에서 오늘날 세계 오페라극장의 표준 레퍼토리로 정착한 작품은 ‘삼손과 델릴라’(1877년) 단 한 곡이다. 구약성서 판관기(사사기)에서 블레셋인과 싸운 영웅 삼손의 이야기를 극화했다.  2막에서 힘의 근원인 머리카락을 잘린 삼손은 블레셋인들의 포로가 된다. 3막에서는 삼손을 묶어 꿇어앉힌 블레셋인들이 흥겨운 축제를 펼친다. 이때 관현악의 연주와 함께 펼쳐지는 발레 장면을 ‘바카날’이라고 부른다. 로마시대 술의 신 바쿠스를 찬미하던 축제처럼 난잡하고 광포하게 펼쳐지는 축제 장면을 가리키는 말이다.  장면 시작부터 오보에의 아련한 선율이 귀에 쏙 들어온다. A단조의 ‘라-솔#(샤프)-파-미’로 이어지는 선율이다. 듣는 순간 아랍 세계의 아련한 환영이 머리에 떠오른다. 현악기의 흥겨운 리듬과 함께 분위기가 고조되고, 이번에는 여러 목관이 번갈아 D단조로 ‘시도시라솔#/시라솔#파미’의 멜로디를 연주한다. 예전 청소년 대상 강의에서 이 부분을 들려주고 물었다. “어떤 느낌이 들죠?” “뱀 나오는 것 같아요.” “터번을 쓴 사람이 피리를 불며 코브라를 놀리는 느낌요.”  이 음악의 어떤 요소가 뱀을 떠올리게 했을까. 이 장면의 주요 선율은 ‘헝가리 집시 음계’로 되어 있다. 통상의 단조 음계는 ‘라-시-도-레-미-파-솔’ 7음을 사용하지만, 이 음계에선 ‘레’대신 레#, ‘솔’ 대신 솔#가 들어간다.  낭만주의 시대부터 서양 음악가들은 동방이나 아랍의 분위기를 내고 싶을 때마다 솔#를 중심으로 선율이 ‘놀게’ 하면서 이국적 분위기를 강조했다. 헝가리 집시 음계 외에 ‘아랍 음계, 집시 음계’로 불리는 ‘이중화성음계’도 있다. 약간의 차이는 있지만 솔을 솔#로 바꾸는 점은 같다. ‘집시풍’이란 뜻을 가진 사라사테의 바이올린곡 ‘치고이너바이젠’도 이 음계를 사용했다. 곡 서두에 반주부가 강렬한 서주를 울리고, 바이올린이 미끄러지듯이 올라가는 음계(스케일)를 연주한다. 전형적인 C단조의 헝가리 집시 음계다.  서양 클래식 음악만 이런 음계를 쓰는 건 아니다. 노라조가 부른 가요 ‘카레’를 들어보자. 전주부터 C#단조로 솔#가 두드러진 색깔을 내며 이국의 분위기를 강조한다. 커리 향이 코에 스며드는 듯하다. 아랍과 인도는 다른 문화권이지만 실제 두 문화권 모두에서 서양 음계의 ‘파-솔#-라’로 해석되는 음계가 주로 사용된다. 읽기만 해서는 알 수 없으니 직접 들어보기 권한다. 백독(百讀)이 불여일청(不如一聽).  그런데 낭만주의 이전에는 사정이 달랐다. 모차르트나 베토벤 등 고전주의 시대의 여러 음악가가 ‘터키 행진곡’을 썼다. 실제 터키 군악대의 리듬을 모방한 행진곡이었지만 이 시대에는 터키의 음계까지 모방하지는 않았다.  그러므로 모차르트나 베토벤이 사용한 터키 행진곡은 ‘터키 리듬, 서양 음계’를 사용한 반쪽짜리라고 할 수도 있다. 러시아 바이올리니스트 알렉세이 이구데스만과 한국 출신 피아니스트 주형기의 ‘이구데스만 앤드 주’ 듀오가 이 점에 착안해서 터키 음계를 차용한 새 ‘모차르트 터키 행진곡’을 선보이기도 했다.  낭만주의 작곡가들은 아예 음계를 흩뜨리는 반음계 선율로 동방의 느낌을 강조하기도 했다. ‘삼손과 델릴라’에서 여주인공 델릴라가 삼손을 유혹하는 노래 ‘그대 목소리에 내 마음 열리고’도 천천히 반음으로 하강하는 선율이 고혹적인 아랍의 ‘팜 파탈’(치명적인 여주인공)을 묘사한다. 같은 시대 비제의 오페라 ‘카르멘’에서 카르멘이 부르는 ‘하바네라’도 마찬가지다.  국립오페라단이 생상스 서거 100주년을 기념해 10월 7~10일 서울 예술의전당 오페라극장에서 ‘삼손과 델릴라’를 공연한다. 삼손 역에 테너 크리스티안 베네딕트와 국윤종, 델릴라 역에 메조소프라노 이아경과 김정미가 출연한다. 국내 무대에서 여러 차례 높은 평가를 받은 세바스티안 랑레싱 지휘, 아르노 베르나르 연출이라는 ‘믿을맨’들의 프로덕션이다. 생상스 특유의 화려한 관현악과 함께 중동 여행이 취미였던 그가 묘사한 ‘중동의 향기’도 느낄 수 있는 기회다.",0
2021.09.28. 오전 3:01,35,12~17세 내달 18일부터 접종… “기저질환 있다면 적극 권고”,"청소년-임신부 백신 접종 Q&A초6~중3은 11월 1일 접종 시작…고위험군도 내달부터 부스터샷임신 12주내-35세 넘는 임신부, 의사와 상담후 접종 여부 결정을화이자-모더나 1, 2차 간격 단축…6주 → 4~5주… 일정 개별통보정부가 소아·청소년(12∼17세)과 임신부 등을 대상으로 한 4분기(10∼12월) 신종 코로나바이러스 감염증(코로나19) 백신 접종 계획을 27일 발표했다. 2004∼2005년생(고1, 2)은 10월 18일, 2006∼2009년생(초6∼중3)은 11월 1일 각각 접종이 시작된다. 임신부도 10월 18일부터 백신을 맞는다. 고령층과 의료진 등의 추가 접종(부스터샷)도 다음 달 시작된다. 방역당국은 10월 말까지 고령층 90%, 성인 80% 접종을 완료 후 ‘위드(with) 코로나’ 전환에 나설 방침이다. 방역당국은 소아·청소년과 임신부에게 이른바 ‘자율 접종’을 권고했다. 지금까지 성인을 대상으로 적극 권고한 것과 달리, 개인의 판단에 맡기겠다는 뜻이다. 자녀의 접종 여부를 두고 부모들이 혼란스러워하는 이유다. 방역당국과 전문가 의견을 바탕으로 4분기 접종 계획의 궁금증을 일문일답으로 정리했다. ―중학생 학부모다. 아이가 특별한 지병이 없고 건강하다. 백신을 꼭 맞아야 하나.  “기저질환이 없고 건강한 12∼17세라면 백신 접종에 따른 이득이 코로나19로 인한 위험성보다 압도적으로 크지 않다는 게 방역당국의 공식 발표다. 예방 접종 기준과 방법을 심의하는 예방접종전문위원회(위원회) 위원장인 최은화 서울대 어린이병원 소아청소년과 교수는 ‘위원회와 정부는 (청소년) 백신 접종을 추천하되 강하게 추천하는 입장이 아니다’라고 설명했다. 청소년은 코로나19에 걸려도 중증이 되거나 사망할 확률이 낮기 때문이다. 다만 당뇨와 비만, 만성 신장질환, 호흡기질환 등이 있는 12∼17세에게는 백신 접종을 권고했다.”  ―다른 나라는 청소년 백신 접종을 어떻게 하나. “주요 국가도 청소년 접종을 권고하고 있다. 미국에선 16, 17세의 50.1%와 12∼15세의 41.8%가 2차 접종을 마쳤다. 독일은 12∼17세 청소년 31.4%가 백신을 맞았다. 일본, 캐나다 등도 12세 이상 코로나19 백신 접종을 권고하고 있다.” ―청소년은 접종 후 나타나는 이상반응이 성인과 다른가. “발표에 참석한 김여향 칠곡경북대병원 소아청소년심장과 교수는 ‘소아·청소년의 이상반응은 성인과 비슷한 정도’라고 설명했다. 경미한 이상반응은 통증, 근육통, 두통 등이 있고 중대 이상반응은 아나필락시스, 심근염, 심낭염 등이다. 접종 유의사항도 접종 후 15∼30분 이상반응 관찰 등 성인과 같다.” ―접종 후 심근염이나 심낭염이 발생할 수 있다고 한다. 혹시 고3 중에 이런 경우가 있나. “12일 기준 고3 학생을 포함한 20세 미만 백신 접종 건수는 총 86만 건이다. 이 중 심근염과 심낭염이 확인된 건 0.002% 수준인 15건이다. 15건 가운데 5건은 외래 치료로 회복했고, 10건은 입원 치료 후 퇴원했다.” ―백신을 맞고 학교에 가지 않아도 되나. “가능하다. 접종 당일과 그 이후 이틀까지는 출석 인정으로 처리된다. 다만 접종 후 3일째부터는 의사 진단서를 첨부해야 질병 사유로 출결 처리할 수 있다.” ―임신 5주 차 임신부다. 아직 초기라 불안한데 백신을 맞아도 될까. “방역당국은 임신부에게도 자율 접종을 권고했다. 다만 기저질환이 있거나, 임신 12주 이내이거나, 35세 이상 임신부는 의사 상담 후 접종 여부를 결정해야 한다. 방역당국은 코로나19 백신 안에 임신부나 태아에게 유해한 성분은 없다고 설명한다.” ―화이자와 모더나 백신 2차 접종일이 당겨진다고 들었다. “그렇다. 현재 화이자와 모더나 백신의 1, 2차 접종 간격은 6주다. 하지만 2차 접종일이 10월 11일∼11월 7일인 사람은 이 간격이 5주로 한 주 당겨진다. 11월 8∼14일에 2차 접종이 예정된 사람은 2주 단축된다. 변경된 날짜는 28일부터 통보된다.” ―얀센 백신 접종자의 돌파 감염 비율이 다른 백신보다 높다. 추가 접종(부스터샷)을 할 수 없나. “방역당국은 고령자와 의료진 외에 일반 국민의 부스터샷 접종 계획을 수립하고 있다. 다만 부스터샷은 2차 접종 후 6개월이 지난 이후 맞을 수 있다. 그러면 6월 초부터 접종을 시작한 얀센 백신 접종자들은 12월 초부터 부스터샷 접종 대상이 된다.”",19
2021.09.28. 오전 3:01,36,[하태훈의 법과 사회]ESG 경영과 ‘에코사이드’,"		[경향신문] 지난 24일은 ‘세계 기후행동의날’이었다. 스웨덴 환경운동가 그레타 툰베리가 독일 베를린에서 수천명의 기후활동가와 함께 기후파업 집회에 나섰다. 독일 총선을 앞두고 기후위기를 제대로 인식하지 못하고 있는 정치권을 향해 일침을 가하는 압박 행동이다. 수백명의 목숨을 앗아간 홍수와 산사태를 지난여름 목격하고도 독일 정치권이 정신 차리지 못하자 거리로 나온 것이다. 우리나라에서도 청소년기후행동이 곳곳에서 집회를 열고 1인 시위도 벌이고, 정부 주도의 기후위기 대응판을 전복하기 위한 ‘기후시민의회’ 구성도 제안했다. 정부와 정치권이 더 적극적으로 기후위기에 대응해야 한다고 목소리를 높였지만, 안타깝게도 널리 퍼지지는 못한 것 같다. 과감한 탄소 감축, 미흡한 탄소중립기본법 당장 폐기 등의 주장은 정치권의 ‘대장동·고발 사주’ 공방으로 묻히고 말았다.하태훈 고려대 법학전문대학원 교수 전 세계가 직면한 기후위기와 생태계 파괴로 엄청난 대가를 치르거나 경험하고도 기후위기는 여전히 관심 밖이다. 정부나 개인이나 모두 위기를 위기로 받아들이지 않는다. 우리의 일상이 위협받고 있지만 당장 먹고사는 문제만 위기로 느낀다. 살아갈 날이 많이 남은 미래세대의 일이라고 치부해 버리고 미뤄놓기 때문이다. 그나마 다행이다. 기업들이 ESG(환경·사회·지배구조) 경영의 중요성을 깨닫기 시작했다. 서서히 생존과 지속 발전을 위한 경영 패러다임의 전환이 선택의 문제가 아니라 필수 덕목이라고 받아들이고 있다. 그래서 ESG 경영은 기업의 장기적인 생존을 위한 핵심적인 가치로 자리 잡을 것으로 전망된다. 친환경 경영 노선을 지향하면서 ESG 전담부서를 설치하고 있다. 친환경 에너지 관련 산업에 대한 투자 비율을 확대하고 탄소 등 유해 물질을 배출하는 사업 비중을 줄이는 기획도 보이기 시작했다. 대선을 앞둔 상황도 기후위기의 심각성을 알리는 기회이자 대응을 압박하는 계기가 될 수 있다. 기후위기를 선거 의제로 삼는 기후 감수성 대통령이 필요하다는 주장도 들린다. 기후 변화에 대한 리더십에는 진보·보수가 따로 없다. 이념의 문제가 아니라 우리의 생존 문제이기 때문이다. 젊은 세대의 표심을 잡으려면 공정성과 집값도 중요하지만, 기후 정책도 잘 짜야 한다. 탈원전은 논란이지만, 탄소중립의 중요성을 인식하는 분위기가 확산하고 있다. 인류의 지속 가능한 발전을 위해서는 화석연료를 대체하는 신재생에너지의 보급과 개발이 절실하다는 공감대가 형성되고 있다. 탄소 배출로 인한 기후재앙을 피하려면 감축의 속도가 문제일 뿐이다. 베를린 시위에 등장한 ‘석탄 대신 자본주의를 태워라’라는 손팻말이 우리 모두에게 와닿는 절박함이다.국경을 초월하여 인류의 생존을 위협하는 기후재앙을 피하려면 그것만으로는 부족하다. 국내법과 국제법상 환경 범죄에 대한 응징이 필요하다. 지구온난화와 오존층 파괴를 일으키는 탄소 배출과 같은 행위는 그 결과가 초래될 개연성이 있음을 알면서 감행한 때에는 중대한 범죄로 정의되어야 한다. 에코사이드(echocide·생태 학살)가 그것이다. 제노사이드(genocide·집단 학살)에 빗댄 용어다. 둘은 무고한 생명을 앗아간다는 점에서 똑같다. 지금은 생태계를 파괴하는 행위가 범죄는 아니지만, 국제범죄화되어야 한다. 국제형사재판소가 형사 처벌하는 국제범죄는 집단 학살, 전쟁 범죄, 반인도적 범죄와 침략 범죄 4가지다. 다섯 번째 범죄로 에코사이드를 추가해 국가나 기업을 처벌하자는 제안이 12월에 열리는 국제형사재판소 연례회의에서 결정된다고 한다.기후 변화를 저지하고 감소시키려면 국내법상으로도 기후 파괴적 행태에 형법이 투입되어야 한다. 형법은 형벌이라는 강력한 수단을 갖고 있으므로 최후 수단이 되어야 한다는 원칙은 지켜져야 하지만, 지금이 바로 기후재앙을 막을 수 있는 최후 순간이다. ‘100년 만의 유럽 폭우’ ‘캘리포니아의 대규모 산불’ ‘중국의 기록적 홍수’ 등 더는 기후 변화의 진행을 놔둘 수는 없는 심각한 상황이다. 사후적인 손해배상이나 과태료, 과징금으로 대처하기에 부족함이 있다. 대기오염, 토양오염, 산림파괴, 생태계 교란 등을 범죄화하고 형벌을 예고해서 형법이 기후 예방 형법으로 작동하도록 해야 한다. 그러면 개인과 기업의 행태와 사고가 친환경적으로 변화될 수 있을 것이다. 우리는 내일 무슨 일이 벌어지든 당장 오늘을 사는 데 급급하다. 환경과 기후라는 주제를 언급할 때 자주 인용되는, “오늘 우리가 하는 행동은 내일 아침 세상이 어떤 모습일지를 결정한다”라는 19세기 오스트리아 작가 에브너에셴바흐의 명언이 떠오른다.	",0
2021.09.28. 오전 1:48,37,[장경영의 마케팅 이야기] '아빠 스킨 냄새'가 문제였다,"장경영 산업부 선임기자LG생활건강의 '빌려쓰는 지구 리필스테이션'은 친환경 소비에 관심이 많은 2030 소비자들의 호응을 얻고 있다.탈모 샴푸 시장은 브랜드들의 격전장이다. 대개 탈모 방지 기능성을 강조하기 위해 한약 냄새를 넣는 게 일반적이었다. LG생활건강은 ‘시각의 전환’을 통해 남다른 길을 선택했다. 한경 CMO 인사이트의 마케팅 케이스 스터디(사례 분석)는 ‘아빠 스킨 냄새’를 없애고 젊고 세련된 향을 담아 탈모 샴푸 시장 점유율 1위를 달성한 LG생활건강 사례를 소개했다.과거 탈모라는 단어는 ‘배 나온 중년 아저씨’를 떠올리게 하는 말이었다. 지금은 다르다. 남녀노소 가리지 않고 탈모로 마음고생하는 이들이 늘어나고 있다. 탈모로 고민하는 젊은 층이 증가하자 화장품·생활용품업체들은 앞다퉈 2030세대를 위한 제품 개발에 나섰다.각사의 치열한 ‘탈모 샴푸 전쟁’의 승자는 LG생활건강의 ‘닥터그루트’가 차지했다. 2017년 선보인 이 브랜드는 출시 4년여 만에 누적 판매량 1300만 개를 돌파하며 탈모 샴푸 시장 점유율 1위를 달리고 있다. LG생활건강 '시각의 전환' 마케팅닥터그루트는 어떻게 까다로운 2030 소비자의 마음을 사로잡았을까. 탈모 샴푸 시장을 장악하기 위한 첫걸음은 시장의 ‘페인 포인트(pain point)’, 즉 불편함을 느끼는 지점을 찾아내는 것이었다. 기존 탈모 샴푸에 대한 소비자의 불만은 생각보다 단순했다. 바로 냄새였다. ‘아빠 스킨 냄새가 난다’ ‘한방 향이 너무 강하다’ 등이 소비자들의 공통된 불만이었다. LG생활건강이 닥터그루트를 선보이며 냄새에 가장 많은 공을 들인 이유다.닥터그루트 ‘애딕트’ 라인은 120년 전통의 명품 향료 제조사로부터 공급받은 천연 아로마블렌딩을 함유해 고급스러운 명품 향수의 향기를 구현했다. 한방 제품 일색이던 기존 탈모 샴푸 시장엔 신선한 충격이었다.마케팅 용어도 소비자 눈높이에 맞췄다. 어렵고 긴 추상적인 설명 대신 소비자가 진짜 듣고 싶은 언어로 접근했다. 예를 들어 ‘정수리 냄새’, ‘사춘기 냄새’ 등 차마 말할 수 없지만 누구나 가질 법한 두피 고민을 직관적으로 표현했다. 그 결과 탈모 샴푸 특유의 냄새로 사용을 꺼리던 2030 소비자의 마음뿐 아니라 정수리 냄새로 고민하는 청소년들의 마음까지 사로잡았다.탈모는 ‘백인백색(百人百色)’의 질환으로 불리는 만큼 각양각색의 증상과 원인으로 고민하는 소비자에게 맞춤형 솔루션을 제공한 점도 적중했다. 닥터그루트의 샴푸·트리트먼트를 ‘힘없는 모발용’ ‘지성 두피용’ ‘손상 모발용’ 등으로 세분화했다. 소비자 인터뷰를 기반으로 소비군을 세 개로 나눠 공통된 고민을 해결해줄 수 있도록 개발한 맞춤형 제품이다. 탈모 샴푸에 명품의 향기를 담다LG생활건강 관계자는 “탈모로 고민하는 다양한 소비자를 인터뷰한 결과 각자 다른 원인으로 탈모를 앓고, 다른 증상으로 마음고생을 하고 있다는 점을 파악했다”며 “각각의 소비자를 모두 만족시키기 위해선 맞춤형 제품이 반드시 필요하다고 판단했다”고 말했다.소비자에게 딱 맞는 제품을 선보이자 무엇보다 재구매율이 높아졌다. 닥터그루트는 3년 연속 탈모 샴푸 시장에서 재구매율 1위를 달리고 있다.천성용 단국대 경영학부 교수는 “기능성 한방 샴푸를 만드는 기업들이 ‘더 좋은 쥐덫’의 함정에 빠져 경쟁하고 있을 때 LG생활건강은 ‘소비자들은 쥐덫이 아니더라도 어쨌든 쥐를 잘 잡는 방법을 원한다’는 판단으로 대응해 성공을 거뒀다”고 설명했다.최현자 서울대 소비자학과 교수는 “다른 샴푸 회사들이 한방 향(한방 냄새)으로 탈모 방지 기능을 강조하는 방법에 몰두해 있는 상황에서 LG생활건강은 남다른 길을 선택하는 용기를 발휘했다”며 “소비자 관점에서 판단했기에 가능한 과감한 결정이었다”고 평가했다.■ LG유플러스 케이스 스터디 기사 보기https://www.hankyung.com/economy/article/202108207242i?viewmode=cleanview■ 한경 CMO 인사이트 구독하기https://page.stibee.com/subscriptions/95694",0
2021.09.28. 오전 12:20,38,12~17살·임신부도 새달부터 ‘자율접종’,"4분기 예방접종 시행계획 발표사전예약 뒤 10월18일부터 접종30살 이상 미접종자 백신 확대27일 오전 서울 용산구 예방접종센터에서 한 시민이 화이자 백신을 맞고 있다. 김혜윤 기자 unique@hani.co.kr12~17살 소아·청소년과 임신부 접종이 10월부터 시작된다.코로나19 예방접종대응추진단이 27일 발표한 ‘코로나19 예방접종 4분기 시행계획’을 보면, 12~17살 소아·청소년 277만명에 대한 화이자 백신 접종이 다음달부터 시작된다. 2004~2005년생은 10월5일부터 29일까지 코로나19 예방접종 사전예약 누리집을 통해 사전예약을 하고, 10월18일부터 11월13일까지 접종한다. 2006~2009년생은 10월18일부터 11월12일까지 사전예약을 하고, 11월1일부터 27일까지 접종한다.학교별 접종이 아니라 본인이나 대리 예약을 통해 개별적으로 사전예약을 하고, 보호자 동의를 기반으로 병·의원 등 위탁의료기관에서 접종받는다. 안내문과 동의서 등 필요한 정보는 소속 학교와 예방접종 누리집에서 안내할 계획이다. ※ 이미지를 누르면 크게 볼 수 있습니다.국내에서 올해 상반기 동안 코로나19에 감염된 12~17살은 1만1601명으로, 이 가운데 위중증 환자는 3명이다. 위중증률이 0.03%에 그치고, 사망자는 없어 감염으로 인한 위험이 크지는 않다. 하지만 추진단은 4차 유행으로 발생률이 급증하고, 교육 불평등 등 간접적인 측면까지 고려해 접종 검토를 권고했다. 등교 제한에 따른 교육 불평등과 학력 저하, 교우 관계 형성 곤란, 심리적 위축 등 문제가 적지 않다는 것이다.미국·캐나다·싱가포르·일본·독일·이스라엘 등 주요 국가들이 12살 이상 모든 청소년에게 예방접종을 권고하고 있다. 추진단은 소아·청소년에 대한 접종 기회와 접종에 따른 이득·위험에 대한 정보를 제공해 자율적인 접종을 권고하되, 당뇨·비만과 심혈관·만성신장·만성호흡기·신경계 등 기저질환자의 접종을 적극적으로 권고했다. 교육부는 이날 이들 소아·청소년의 백신 접종 뒤 등교를 원칙으로 하되 이상반응이 발생하면 접종 당일 외에 추가로 2일까지는 별도의 진단서 없이 결석해도 출석으로 인정한다고 밝혔다. 3일째부터는 의사 진단서를 통해 질병 사유로 인한 출결 처리가 가능하다.임신부 13만6천명의 접종도 10월18일부터 시작한다. 추진단은 모든 임신부에게 자율적인 접종 결정을 권고하되, 기저질환이 있거나 12주 미만의 임신 초기인 경우 접종 전에 산모와 태아의 상태를 진찰받고 접종하라고 권고했다. 코로나19 예방접종 사전예약 누리집을 통한 사전예약은 10월8일부터 진행한다. 예약할 때 임신 여부와 출산 예정일 등을 본인이 직접 입력하도록 해 접종 때 의료진이 이를 알 수 있도록 할 계획이다. 임신부는 감염될 경우 위중증률이 6배 수준으로 높은 것으로 알려졌다.추진단은 30살 이상 미접종자가 접종받을 수 있는 백신도 아스트라제네카·얀센까지 확대하기로 했다.",4
2021.09.28. 오전 12:13,39,[태백]태백 배달바둑 한마당 내달 2일 개막,"20주년 기념 김영삼·박지은 9단 특별 대국[태백]올해 제20회 배달바둑 한마당 축제가 다음 달 2일부터 3일까지 20주년 기념 특별 대국으로 진행된다.강원일보·태백시·한국기원이 주최하고 태백시바둑협회가 주관, 태백시·태백시의회·태백시체육회·태백산국립공원사무소가 후원하는 이번 대회는 다음 달 2일부터 3일까지 태백산 장군봉 천제단과 태백시청소년수련관에서 열린다.3일 오후 1시 태백산 천제단에서 펼쳐지는 태백산 산상 대국은 유튜버 기사로 유명한 김영삼 9단과 박지은 9단의 대국으로 진행된다. 1993년 입단한 김영삼 9단은 국내 첫 프로기사 부부로 유명하다. 2018년부터 2020년까지 한국기원 사무총장을 역임했다. 현재 ‘바둑메카 의정부'팀 감독이며 바둑대통령의 줄임말인 바통령으로 유튜브채널을 운영 중이다. 1997년 입단한 박지은 9단은 2000년 제1회 여류명인전 우승, 2017년 국내 여자기사 첫 1,000대국 등의 기록을 가지고 있다. 유튜브 ‘박지은 9단'으로 활발한 활동을 펼치고 있다.시니어 부문 대국은 200여명이 참여한 가운데 2일부터 3일까지 태백시청소년수련관에서 열릴 예정이다. 올해 20년을 맞이한 배달바둑 축제는 우리나라 바둑계의 등용문으로 자리매김하고 있다.우찬용 강원도바둑협회 부회장은 “이번 대회는 유튜버 기사로 유명한 두 프로기사의 대국으로 바둑인들 사이에서 대회 전부터 화제를 모으고 있다”며 “앞으로도 태백이 명실상부한 바둑의 메카로 자리 잡을 수 있도록 노력하겠다”고 말했다.",0
2021.09.28. 오전 12:13,40,[원주]원주 댄싱카니발 분산개최·온라인병행,"하이브리드 방식 진행 관광지 공연공간 활용[원주]올해 ‘원주 다이내믹 댄싱카니발'이 코로나 시대에 걸맞은 새로운 방식의 ‘하이브리드' 축제로 펼쳐진다.이번 축제는 기존 5~6일간의 집중 개최가 아닌 분산 개최로 결정됐다. 프린지 공연이 10월 8~10일, 메인무대인 다이내믹 댄싱카니발이 15~17일, 22~24일 나눠 열린다.메인콘텐츠인 댄싱카니발에는 50개팀이 참가 신청했고 일정별 공연에는 가수 가호와 원주청소년오케스트라 협연, 뮤지컬배우 박혜나와 시민합창단, 가수 빅마마, 홍경민, 첼리스트 홍진호, 노블아트오페라단 등 실력파 아티스트가 공연을 준비하고 있다.지역 문화관광자원과 연계해 관광지를 축제 공간으로 활용한 것도 특징이다. 방역의 안전성을 높이기 위해 기존 댄싱공연장에서 간현관광지로 행사장소를 옮겨 복잡한 도심을 벗어나 간현관광지 곳곳에서 다양한 프로그램을 즐길 수 있다.비대면 상황을 고려해 온라인 콘텐츠도 강화됐다. 시민이 참여하는 시민 영상 공모전 ‘댄. 카 WAVE'가 호응을 얻고 있으며 메인 축제는 일부 온라인으로 생중계될 예정이다. 댄싱카니발 해외팀 부문 역시 온라인으로 전환돼 지난달까지 13개국 41개팀이 참가 신청했다. 또 올해는 시민 참여프로그램이 부활, 300명의 시민합창단이 개막 공연을 준비하고 있으며 시민기획단과 함께 온라인 챌린지, 오프라인 환경운동 챌린지 ‘줍깅(걷기+쓰레기 줍기)', 댄싱카니발 굿즈 만들기 등이 예정됐다.전영철 원주문화재단 대표이사는 “소규모 분산 개최와 온라인 콘텐츠를 병행하는 하이브리드형 축제로 코로나19 시대에 새로운 축제 방향을 제시하겠다”고 말했다.	",0
2021.09.28. 오전 12:12,41,12~17세·임신부 10월부터 백신 접종,"접종간격 6주→4주 앞당겨져12~17세·임신부 10월부터 백신 접종 사진=연합뉴스다음달 18일부터 12~17세 소아·청소년과 임신부에 대한 코로나19 백신 접종이 시작된다. 코로나19 예방접종대응추진단은 27일 이같은 내용의 4분기 접종 세부계획을 발표했다.우선 소아·청소년은 16~17세가 10월18일, 12~15세는 11월1일부터 각각 백신 접종이 시작된다. 예약은 접종일에 앞서 2주간 진행된다. 교육통계상 강원도내 해당 연령 인구는 7만여명으로 추산된다. 접종은 화이자 백신을 3주 간격으로 맞는다. 자율적으로 접종 신청이 이뤄지나 보호자 동의를 받아야 한다. 교육부는 접종일을 포함해 3일까지는 출석을 인정하고 이후 의사 진단서를 제출하면 질병 결석 처리하기로 했다.개인별로 접종이 진행되는 만큼 학사운영은 변동이 없다. 시·군별 거리두기 단계에 따라 학교 밀집도 기준이 적용되며 강원도 내는 등교수업 방침이 유지된다.임신부 접종도 자율 접종이 원칙이다. 다만, 지병이 있거나 12주 미만의 임신 초기 여성은 사전 진찰을 받도록 권고된다. 임신부 접종 예약은 10월8일, 접종은 같은 달 18일부터 화이자 또는 모더나 백신으로 진행된다. 이와 함께 60세 이상 고령층, 감염취약시설 입소자 등을 대상으로 백신 효과를 높이기 위해 추가 접종하는 `부스터샷'이 화이자·모더나 백신으로 시행된다. 정부는 화이자·모더나 백신의 접종 간격을 6주에서 4~5주로 단축해 접종률을 끌어올릴 계획이다. 다음달 말까지는 고령층의 90%, 성인의 80%가 백신 접종을 마쳐 단계적 일상회복, 일명 `위드 코로나'로 전환하기 위한 발판을 마련한다는 방침이다.",47
2021.09.28. 오전 12:04,42,"[함께 만드는 일자리] 체계적 고용·노동 교육 실시, 건전한 노사관계 확립에 중추적 역할 수행","한국고용노동교육원     한국고용노동교육원이 노사갈등 예방 및 건전한 노사관계 확립에 중추적 역할을 담당하고 있다. [사진 한국고용노동교육원]           한국고용노동교육원(이하 교육원)이 전문적이고 체계적인 고용·노동교육을 통해 노사갈등 예방 및 건전한 노사관계를 확립하는 데 중추적 역할을 다하고 있다.      교육원은 소규모사업장, 청소년, 플랫폼 노동자 등 그동안 노동교육 혜택을 받지 못했던 대상에 대한 노동인권교육, 공무원·교원·공공기관 등 공공부문 직무교육을 수행하고 있다.      지난해 10월 경기도 광주시 오포읍에서 출범한 교육원이 개원 1주년을 맞았다. 교육원은 지난해 3월 제정된 한국고용노동교육원법에 따라, 교육 대상을 공공부문 노사관계 당사자 및 고용노동 업무 종사자에서 모든 국민으로 확대함과 함께 민간노사 당사자 및 특수형태 고용종사자 등에 대한 노동교육을 목적으로 설립됐다.      교육원은 지난 1년 동안 노동인권교육 사각지대로 남아 있던 소규모사업장, 영세 소상공인, 플랫폼·프리랜서 등 특수고용직 노동자를 대상으로 공익적 노동교육 영역을 확대하기 위한 사업을 강화해 왔다. 현재는 소규모사업주를 대상으로 ‘비대면 노동법 라이브교육’을 실시하고 있다.      ‘소규모사업장 비대면 노동법 라이브교육’은 소규모사업장 내 사업주와 인사·노무 담당자들이 법과 제도를 알지 못해 생기는 기초적인 법률위반 등을 예방하기 위한 교육이다. 지난 8월부터 오는 12월까지 월 2회씩 비대면 무료교육으로 진행한다. 교육내용은 근로계약, 휴일·휴가, 각종 정부 지원제도 등 내용이며, 강의 한 시간, 질의응답 한 시간으로 편성했다.      교육원은 고용부 직무교육 분야에서도 전문성 향상을 위한 장기과정을 신설해 ‘근로감독관 수사역량 강화 전문교육’을 시행하고 있다. ‘근로감독관 수사역량 강화 전문교육’은 복잡하고 다양하게 변화되는 노동시장 상황에 맞춰 실시한다. 고용노동부 근로감독관이 특별사법경찰관으로서 수사역량과 전문성을 높일 수 있도록 노동법 관련 전문지식과 현장 실무사례 위주의 교육을 15주 과정으로 지난달 23일부터 진행하고 있다.      전문교육 과정은 직무 수행 능력이 우수한 근로감독 3년 이상 경력자를 대상으로 개별적 근로관계법, 집단적노사관계법, 형법, 형사소송법 등 노동법률과 임금, 부당노동행위, 근로자 및 사용자 판단기준 등 실무 운영사례를 다룬다. 특히 이번 교육내용은 특별사법경찰 실무역량·디지털 포렌식 등 수사역량 강화에 중점을 두고 있다.      교육원 관계자는 “개원 1주년을 맞아 기존의 교육과정 혁신을 통해 체계화·고도화를 추진하고, 전국민고용노동교육을 선도하는 허브기관으로서 역할과 위상 재정립을 위해 노력하고 있다”며 “포스트 코로나 시대에 사회취약계층고용노동교육 강화, 콘텐트 개발보급·관리, 고용노동전문가 양성 등에 주력해 나갈 예정”이라고 밝혔다.  ",0
2021.09.28. 오전 12:02,43,"고1·2, 임신부 내달 18일부터 접종 시작한다","		  다음 달 18일부터 만 12~17세 소아·청소년과 임신부도 신종 코로나바이러스 감염증(코로나19) 백신을 접종할 수 있다. 고령층 등 코로나19 고위험군에 대한 추가 접종(일명 부스터샷)도 진행한다. 또 다음 달 11일 이후 백신 2차 접종이 예정된 경우에는 접종 간격을 4~5주로 줄인다. 코로나19예방접종대응추진단은 27일 이런 내용을 담은 ‘코로나19 예방접종 4분기 시행계획’을 발표했다.      소아·청소년 코로나19 백신 접종 일정. 그래픽=차준홍 기자 cha.junhong@joongang.co.kr           지난 1월 ‘코로나19 예방접종 계획’ 수립 당시 만 12~17세 소아·청소년(2004~2009년생) 약 277만 명은 허가된 백신이 없어 접종 대상에서 제외됐다. 예방접종전문위원회는 지난달 25일 심의에서 이들을 접종 대상에 포함했다. 위원회에 따르면 최근 식품의약품안전처에서 백신 효과와 안전성을 확인해 허가(화이자 12세 이상)했고, 세계보건기구(WHO)와 주요 국가도 효과와 안전성을 확인했다. 성인은 접종을 적극적으로 권고했지만, 소아·청소년은 접종에 따른 이득과 위험에 대한 정보를 제공한 뒤 자율 접종을 권고키로 했다.      청소년 277만명에 화이자, 접종 땐 3일간 학교 안가도 돼     소아·청소년의 경우 ▶만 16~17세(2004 ~2005년생)는 10월 5~29일 사전예약 및 10월 18일~11월 13일 접종 ▶만 12~15세(2006~2009년생)는 10월 18일~11월 12일 사전예약 및 11월 1~27일 접종이다. 현재 허가된 백신은 화이자뿐이다. 접종 간격은 3주며, 개별적으로 사전예약 후 보호자(법정대리인) 동의 아래 접종한다.      단체가 아닌 개별 접종이라서 학사는 현재처럼 운영한다. 접종 학생은 당일부터 사흘간 등교 또는 원격수업에 빠져도 출석으로 인정한다. 이후에는 진단서 등을 내면 질병 결석으로 처리한다. 사전예약 때 중간·기말고사나 수행평가 등 미리 공지된 평가일은 피하도록 하지만 부득이 겹치면 인정점을 부여한다. 교육부는 소아·청소년 접종이 완료돼도 등교를 확대하지는 않을 방침이다.      국내에서 코로나19 백신을 맞을 수 없었던 임신부의 예방접종도 시작한다. 예방접종전문위원회는 “임신부는 코로나19 고위험군이며, 현재까지 접종 안전성에 문제가 없는 것으로 보고되고 있다”며 임신부를 접종 대상자에 포함할 것을 권고했다.      국내 임신부의 코로나19 발생률은 동일 연령대 여성보다 낮지만, 감염 시 위중증률은 6배 정도 높다. 지난 6월 48명(10만 명당 10.4명)이던 임신부의 코로나19 발생률은 8월 173명(10만 명당 37.4명)으로 급증했다. 추진단은 임신부 13만6000여 명에게 접종 관련 정보를 제공하고 자율 접종을 권고키로 했다. 기저질환이 있거나 임신 초기(12주 미만)인 경우 접종 전 산모와 태아 상태를 진찰할 것을 권고했다.      임신부의 접종 사전예약은 10월 8일부터 진행한다. 예약 때 임신부가 자신의 정보를 직접 입력한다. 접종 때 의료진이 참고하고, 이상 반응을 모니터링하기 위해서다. 접종은 10월 18일부터 mRNA 백신(화이자·모더나)으로 한다.      4분기 코로나19 백신 접종 일정           추진단은 또 델타 변이 확산과 기본접종 효과 감소, 돌파감염 발생 등에 따라 백신 추가접종을 시행키로 했다. 예방접종전문위원회는 기본접종 완료 6개월 이후를 권고했지만, 면역저하자 등은 그 이전이라도 우선 실시하도록 했다. 추진단은 “추가접종은 10월에 고위험군부터 우선 시행한다”고 밝혔다.      1단계로 10월부터는 ▶면역저하자 ▶60세 이상 고령층 ▶병원급 이상 의료기관 종사자 ▶감염 취약시설 관계자 등을 우선 접종한다. 접종은 mRNA 백신으로 한다. 면역저하자는 10월 18일부터 사전예약, 11월 1일부터 접종한다. 또 60세 이상 고령층 및 그 외 고위험군은 10월 5일부터 예약, 10월 25일부터 접종한다.      한편 10월 11일 이후 2차 접종이 예정된 경우 접종 간격을 4~5주로 줄인다. 60세 이상 고령층의 90%, 18세 이상 성인의 80% 접종을 달성해 단계적 일상 회복(위드 코로나)을 준비하기 위해서다. 27일 기준 전체 인구의 74.2%가 1차 접종을, 45.3%가 2차 접종을 각각 마쳤다. 접종 대상자 중 미접종자는 573만 명이다.      모더나 백신 공급이 차질을 빚자 8월 16일부터 mRNA 백신 접종 간격이 4주에서 6주로 길어졌다. 식약처 허가 사항에 따르면 화이자는 3주, 모더나는 4주 간격이다. 백신 수급 문제로 둘 다 4주 간격이 됐다가 다시 한번 더 늘어났다. 이달 들어 백신 공급에 숨통이 트이면서 접종 간격을 좁혔다. 추진단은 “개인 사정으로 일괄 조정된 일시에 접종이 곤란하면 다음 달 1일부터 예방접종 사전예약 사이트를 통해 개별적으로 변경할 수 있다”고 설명했다.  ",13
